DOCID	CLASE	NUM-TERMINOS	TERMINOS[termino/peso]
3	money-fx	49	addition/0.102383 afternoon/0.158492 also/0.043584 assistance/0.105391 band/0.409696 bank/0.17733 bills/0.217602 bought/0.092993 brings/0.130438 central/0.080747 compares/0.112737 comprising/0.158492 england/0.102383 far/0.102383 forecast/0.083302 given/0.091101 help/0.166605 made/0.066283 market/0.103789 mln/0.067391 money/0.086143 one/0.040139 outright/0.140792 pct/0.07983 provided/0.102383 purchases/0.092993 reuter/0.000052 revised/0.095037 s/0.027045 said/0.012085 session/0.123091 shortage/0.108801 stg/0.36184 themoney/0.140792 today/0.058088 total/0.05616 treasury/0.097259 two/0.108403 uk/0.079559 10/0.162972 120/0.123091 13/0.128585 16/0.126093 315/0.158492 437/0.316984 450/0.140792 461/0.158492 7/0.140792 8/0.102383
13	trade	110	added/0.042619 admit/0.102966 also/0.028315 article/0.08474 behaviour/0.102966 better/0.063185 bilateral/0.079968 business/0.042619 businessmen/0.091467 called/0.055963 calls/0.079968 change/0.055015 chen/0.102966 china/0.21515 chinese/0.254221 coincide/0.091467 commercial/0.056969 congress/0.056969 control/0.060414 counsellor/0.102966 countries/0.04547 curbs/0.236438 date/0.063185 deal/0.059184 deficits/0.079968 demands/0.091467 despite/0.061742 difficulties/0.079968 discard/0.102966 ease/0.08474 easing/0.091467 editorial/0.205932 embassy/0.205932 expand/0.068468 exports/0.147707 extremely/0.205932 facilities/0.08474 favourable/0.182934 figures/0.049565 fulfilling/0.102966 full/0.050243 generalised/0.102966 george/0.079968 give/0.060414 goods/0.060414 gsp/0.102966 help/0.054118 high/0.047685 important/0.073241 imports/0.047103 inaccurate/0.102966 influences/0.102966 international/0.039814 kinds/0.102966 last/0.029859 laws/0.08474 legislation/0.063185 limit/0.070684 market/0.033714 named/0.076266 needed/0.068468 newspaper/0.091467 normal/0.076266 official/0.043983 paper/0.070684 peking/0.102966 persuade/0.102966 potential/0.061742 preference/0.102966 prejudice/0.102966 preventing/0.102966 printed/0.102966 protectionist/0.08474 provide/0.056969 published/0.08474 quickly/0.08474 recent/0.046541 reduce/0.053267 replied/0.079968 restrictions/0.206713 reuter/0.000033 s/0.03514 said/0.020294 secretary/0.064767 shibiao/0.102966 showing/0.091467 shultz/0.102966 sides/0.076266 state/0.04547 states/0.052458 status/0.076266 still/0.054118 strict/0.08474 system/0.054118 tariff/0.091467 technology/0.167419 today/0.037738 toremove/0.102966 trade/0.117332 trading/0.055963 transfer/0.079968 treatment/0.091467 two/0.027244 united/0.049565 us/0.10303 visit/0.079968 washington/0.064767 years/0.093081 13/0.041768 15/0.040959
16	coffee	143	added/0.10897 already/0.059756 arap/0.101845 back/0.057408 balance/0.108833 barrel/0.06579 belt/0.101845 billion/0.032849 boom/0.083818 budget/0.124995 capital/0.105375 cents/0.067723 changes/0.062498 cheap/0.101845 clear/0.075436 coffee/0.114816 compared/0.041313 country/0.055354 coupled/0.090471 crept/0.101845 crude/0.06107 daniel/0.090471 debts/0.158194 decline/0.051124 deficit/0.119513 development/0.051887 difficult/0.128123 discipline/0.101845 dlrs/0.036255 domestic/0.050394 early/0.045496 economic/0.051887 economy/0.112698 encouraging/0.090471 entering/0.090471 exchange/0.087961 expect/0.05854 expenditure/0.101845 exporter/0.101845 external/0.075436 faces/0.090471 factors/0.119513 far/0.06579 favour/0.101845 fell/0.087009 finance/0.107058 first/0.041729 five/0.03466 flow/0.083818 fordifficult/0.101845 foreign/0.123466 frugal/0.101845 general/0.054416 government/0.04447 growth/0.049696 heading/0.083818 high/0.047166 history/0.101845 house/0.055354 immediate/0.075436 imperative/0.101845 increase/0.043505 indication/0.101845 inflation/0.062498 january/0.036088 kenya/0.167636 kenyan/0.20369 last/0.076345 lead/0.062498 led/0.06579 less/0.050394 london/0.06107 longer/0.079097 made/0.042593 main/0.067723 maintain/0.075436 members/0.06107 moi/0.263266 must/0.055354 necessary/0.075436 needs/0.075436 net/0.0193 oil/0.082627 opening/0.069914 ordinary/0.090471 parliament/0.083818 payments/0.112698 pct/0.065923 peak/0.075436 people/0.079097 phase/0.083818 pound/0.090471 president/0.118996 prevent/0.079097 price/0.078762 prices/0.037983 problems/0.059756 produced/0.072444 raise/0.069914 rate/0.043042 regards/0.090471 rely/0.101845 reserves/0.054416 rest/0.083818 result/0.055354 reuter/0.000033 s/0.034757 said/0.025796 satisfying/0.101845 savings/0.064062 says/0.062498 servicing/0.090471 shilling/0.101845 since/0.047763 slipped/0.083818 source/0.075436 sources/0.051887 speech/0.083818 spending/0.072444 state/0.044975 strict/0.083818 surplus/0.057408 swinging/0.101845 take/0.055354 tighten/0.090471 time/0.04398 times/0.079097 today/0.037327 two/0.026948 wananchi/0.101845 will/0.043694 world/0.043042 year/0.042545 10/0.040513 10.7/0.072444 18/0.050394 1985/0.064261 1986/0.040136 2.14/0.101845 27/0.049696 4.1/0.090471 5.6/0.090471 94/0.090471
30	grain	30	authority/0.171868 barley/0.171868 bids/0.154296 britishintervention/0.232038 cereals/0.171868 details/0.136145 feed/0.18021 grown/0.206124 hgca/0.206124 home/0.387468 intervention/0.159289 market/0.15195 price/0.089723 quantity/0.232038 reported/0.101318 requests/0.232038 reuter/0.000075 s/0.039595 said/0.017692 small/0.149893 sold/0.226448 submitted/0.232038 tender/0.130795 today/0.085043 tonnes/0.188252 total/0.082221 uk/0.116477 wheat/0.236432 2435/0.232038 3435/0.232038
36	grain	87	adjusted/0.123912 ago/0.052792 arabia/0.088531 authority/0.084432 barley/0.280478 based/0.053459 bring/0.0758 cereals/0.084432 community/0.057221 compared/0.046241 comprised/0.202522 countries/0.100678 country/0.061956 credited/0.113992 cumulative/0.073637 customs/0.084432 destinations/0.177061 ec/0.114442 european/0.055623 excise/0.113992 exported/0.0758 exports/0.163524 february/0.086558 figures/0.141845 followed/0.187629 france/0.078253 germany/0.068353 grown/0.101261 hgca/0.101261 home/0.073637 importer/0.093814 increased/0.058075 issued/0.065522 italy/0.081084 january/0.121176 july/0.065522 korea/0.073637 largest/0.123912 mln/0.032908 nearly/0.078253 new/0.035192 period/0.055623 poland/0.088531 previous/0.052147 prominent/0.113992 quoting/0.113992 recipient/0.113992 respectively/0.061956 reuter/0.000037 said/0.008692 saudi/0.088531 single/0.084432 south/0.056404 soviet/0.136706 taking/0.0758 third/0.166097 tonnes/0.226898 uk/0.114442 union/0.12851 upwards/0.113992 west/0.056404 wheat/0.174226 wheatand/0.113992 year/0.015873 1/0.045787 103700/0.113992 1.25/0.093814 13/0.046241 133265/0.113992 167700/0.113992 1.89/0.101261 233000/0.113992 251000/0.113992 284000/0.113992 2.96/0.113992 2.99/0.101261 336750/0.113992 50000/0.081084 52000/0.113992 535460/0.113992 53800/0.113992 54500/0.113992 55200/0.113992 64000/0.113992 7000/0.113992 75000/0.113992 9/0.084432
38	grain	66	accu/0.222307 added/0.040072 amounts/0.071707 areas/0.143846 cover/0.137727 crops/0.121791 czechoslovakia/0.193624 degrees/0.222307 drop/0.053564 east/0.064376 eastern/0.159351 europe/0.059409 expected/0.038144 f/0.157413 fall/0.043759 flurries/0.096812 forecaster/0.086 inc/0.016794 inch/0.079675 inches/0.096812 last/0.028075 less/0.047904 light/0.194359 lowest/0.068864 making/0.058052 may/0.033747 minus/0.150376 morning/0.066459 near/0.054571 next/0.120467 night/0.128752 nights/0.250255 northern/0.143415 one/0.024518 pct/0.037728 poland/0.150376 possible/0.199377 private/0.050084 remaining/0.056803 reporting/0.071707 reuter/0.000031 romania/0.193624 said/0.007382 says/0.059409 scant/0.096812 snow/0.264676 soviet/0.058052 spotty/0.096812 suffer/0.086 temperatures/0.17801 thewestern/0.096812 tomorrow/0.066459 tonight/0.079675 two/0.076848 union/0.054571 ussr/0.071707 weather/0.150376 western/0.059409 wheat/0.17682 will/0.020767 winter/0.20775 winterkill/0.24977 yesterday/0.049323 0/0.222307 10/0.077021 50/0.090805
50	coffee	68	administration/0.08172 agreement/0.055403 allowing/0.103162 also/0.038301 analyst/0.167032 analysts/0.078509 authority/0.206324 bill/0.189229 coffee/0.2608 coffeeorganization/0.139279 collapse/0.206324 congress/0.199198 convincing/0.123724 customs/0.103162 d/0.085469 earlier/0.055944 eases/0.139279 export/0.114133 failure/0.092615 frank/0.123724 going/0.099071 guarini/0.139279 hard/0.092615 hoped/0.103162 however/0.062954 ico/0.18523 immediate/0.103162 immediately/0.095611 imports/0.12743 international/0.053855 introduced/0.114625 issue/0.07706 lapsed/0.139279 last/0.04039 legislation/0.220933 london/0.083516 means/0.095611 monitor/0.22925 month/0.059495 need/0.167032 needed/0.092615 nj/0.139279 now/0.056498 offered/0.085469 one/0.035273 passed/0.095611 proposed/0.068917 quickly/0.114625 quotas/0.167032 re/0.08172 reach/0.089972 reagan/0.085469 reinstate/0.139279 removes/0.139279 rep/0.123724 resumed/0.139279 reuter/0.000045 said/0.027451 september/0.073204 service/0.083516 supporters/0.139279 talks/0.175678 time/0.060145 trade/0.047777 urgent/0.123724 us/0.090064 yesterday/0.070958 1986/0.027444
55	grain	75	agriculture/0.119431 along/0.088239 areas/0.071304 away/0.102093 belgrade/0.248102 brought/0.078029 catch/0.124051 cause/0.085158 cold/0.096343 concerned/0.076124 conditions/0.170316 contacted/0.110197 counselor/0.124051 crop/0.132562 damage/0.085158 dated/0.124051 delayed/0.102093 department/0.051347 dormancy/0.124051 dry/0.096343 due/0.051347 early/0.110832 emerged/0.124051 evidence/0.248102 fall/0.112143 farmers/0.072785 february/0.047098 field/0.237515 free/0.091883 germination/0.110197 grain/0.072785 growth/0.060531 help/0.065201 however/0.056071 last/0.071948 late/0.13985 line/0.069925 little/0.085158 maribor/0.124051 month/0.05299 near/0.069925 next/0.059715 northwest/0.102093 officials/0.065201 optimistic/0.096343 past/0.080135 promoted/0.110197 protection/0.102093 report/0.174531 reuter/0.00004 running/0.091883 s/0.042336 said/0.033909 seeding/0.248102 situation/0.072785 snow/0.102093 taken/0.076124 temperatures/0.228095 three/0.040927 travel/0.124051 trip/0.110197 us/0.031032 usda/0.066281 warm/0.220394 way/0.072785 weeks/0.082489 wheat/0.16337 will/0.02661 winter/0.16027 winterkill/0.096343 winterkillin/0.124051 yugoslav/0.124051 yugoslavia/0.124051 yugoslavian/0.124051 26/0.068635
77	grain	92	accepted/0.101029 administrator/0.101029 advance/0.143727 agriculture/0.048633 around/0.124065 asked/0.060581 assistant/0.074831 budget/0.061997 bushel/0.156927 cash/0.151697 certificate/0.089747 certificates/0.130527 certs/0.298132 close/0.058071 commodity/0.071864 computer/0.061997 corn/0.121161 county/0.071864 cts/0.052172 decision/0.063548 deficiency/0.149663 deficiencypayments/0.101029 delayed/0.083146 department/0.041818 deputy/0.065263 dlrs/0.027826 due/0.041818 farmers/0.177833 final/0.061997 five/0.034382 garlem/0.261157 generic/0.083146 get/0.065263 got/0.101029 gramm/0.089747 half/0.154414 kind/0.089747 made/0.084503 mailed/0.101029 make/0.04738 management/0.052265 march/0.026732 markedly/0.089747 mid/0.069354 minus/0.078464 mln/0.022566 monday/0.074831 month/0.086312 next/0.048633 office/0.069354 official/0.086312 omb/0.101029 operations/0.040188 payment/0.147209 payments/0.185688 per/0.065662 pik/0.089747 problem/0.063548 producers/0.054911 program/0.056948 proposed/0.04999 ratio/0.21493 receive/0.116143 resisted/0.101029 reuter/0.000033 reuters/0.045665 rudman/0.089747 s/0.034479 said/0.027616 senior/0.065263 sets/0.047995 signup/0.101029 since/0.04738 slightly/0.069354 sorghum/0.074831 state/0.044615 told/0.03735 tom/0.089747 upcoming/0.089747 upset/0.089747 us/0.025273 usda/0.139538 von/0.261157 will/0.082513 11.5/0.083146 15/0.040188 16/0.040188 300/0.156927 50/0.169857 5.5/0.078464 5.75/0.202059 63/0.071864
88	money-fx	41	annual/0.085843 average/0.18539 bank/0.064703 certificates/0.11207 date/0.106461 federal/0.083513 francs/0.23819 give/0.203583 government/0.075752 issue/0.095987 issued/0.09972 january/0.061474 last/0.05031 march/0.045904 market/0.113608 mln/0.03875 money/0.188586 month/0.148215 national/0.085843 new/0.05356 paper/0.23819 payment/0.097791 pct/0.112296 price/0.067083 raised/0.19944 reuter/0.000056 s/0.029604 said/0.013228 series/0.11207 seriesof/0.173487 six/0.130558 swiss/0.398375 yield/0.257 yields/0.154112 159.6/0.173487 177.5/0.154112 3.251/0.173487 3.286/0.346975 5/0.11207 98.392/0.173487 98.401/0.173487
106	grain	26	bid/0.275241 bids/0.13762 bill/0.108777 call/0.306586 comparison/0.183847 exchange/0.089372 july/0.23792 june/0.116659 lading/0.20696 louis/0.170326 merchants/0.183847 milo/0.41392 offer/0.194119 offered/0.127001 offers/0.13762 one/0.104827 posted/0.160734 reuter/0.000067 session/0.321467 srw/0.20696 srwwheat/0.20696 st/0.160734 today/0.075852 wheat/0.210879 15/0.164653 17/0.093546
115	trade	87	access/0.228148 added/0.051358 american/0.109588 ask/0.12408 avoid/0.08826 bill/0.16858 changes/0.076142 cleared/0.110223 club/0.102117 committeechairman/0.110223 complaints/0.12408 conciliatory/0.12408 congress/0.068651 continued/0.071321 countries/0.109588 curtailed/0.12408 cut/0.059729 d/0.076142 dan/0.110223 delivery/0.085178 denied/0.102117 ease/0.102117 end/0.057464 exports/0.053582 face/0.08826 fairness/0.12408 foreign/0.116381 freedom/0.12408 goods/0.072802 house/0.134879 however/0.056084 ill/0.110223 import/0.085178 last/0.035982 legislation/0.076142 likely/0.067439 major/0.051358 market/0.105019 markets/0.057464 mean/0.082508 means/0.085178 message/0.110223 must/0.067439 national/0.061396 nations/0.069942 open/0.08826 opened/0.085178 oppose/0.12408 opposes/0.110223 pass/0.110223 pct/0.024177 plan/0.132593 plea/0.12408 predicted/0.080154 prepared/0.08826 president/0.056084 press/0.091905 proposal/0.137303 protectionism/0.102117 protectionist/0.204234 reagan/0.076142 reasonable/0.102117 remarks/0.102117 restraints/0.24816 return/0.072802 reuter/0.00004 rostenkowski/0.330669 said/0.024456 screen/0.12408 sent/0.096366 set/0.054794 smoke/0.12408 specific/0.091905 states/0.063215 table/0.110223 temptation/0.12408 time/0.053582 trade/0.141392 united/0.059729 unless/0.110223 us/0.062079 warn/0.12408 warned/0.091905 ways/0.085178 will/0.026617 year/0.044662 25/0.057464
123	coffee	139	account/0.055366 ago/0.046343 agree/0.066541 agreement/0.039806 also/0.027518 american/0.04419 apparently/0.077717 arango/0.258671 association/0.056406 believe/0.062943 brazil/0.158734 cardenas/0.200135 case/0.074119 catastrophe/0.100068 central/0.050981 coffee/0.202214 colombia/0.213538 combat/0.100068 common/0.041849 consternation/0.100068 consuming/0.074119 countries/0.13257 crop/0.053467 cut/0.09634 debt/0.049515 debts/0.077717 decisions/0.077717 defend/0.088892 developing/0.077717 difficult/0.062943 dlrs/0.01378 drought/0.074119 drug/0.077717 earnings/0.046343 effectively/0.100068 efforts/0.068694 ended/0.043694 evident/0.100068 export/0.082001 exporters/0.071179 exporting/0.071179 external/0.074119 factors/0.058713 fail/0.100068 failing/0.082355 failure/0.133082 fight/0.100068 following/0.117427 fresh/0.077717 gilberto/0.100068 however/0.045231 ico/0.133082 imminent/0.100068 impact/0.057518 including/0.047538 industrialized/0.088892 intelligent/0.100068 international/0.038693 jugular/0.100068 last/0.029019 lb/0.077717 london/0.060004 low/0.052595 lowest/0.071179 made/0.041849 map/0.100068 market/0.032765 meeting/0.044702 must/0.054388 nations/0.112812 near/0.056406 new/0.061786 night/0.066541 now/0.040592 one/0.025343 order/0.082355 organization/0.068694 past/0.064642 plummet/0.100068 predicted/0.064642 president/0.045231 price/0.038693 prices/0.096472 private/0.051768 problem/0.062943 producers/0.054388 producing/0.112812 prolonged/0.100068 quicklymap/0.100068 quotas/0.120008 quoted/0.074119 reach/0.064642 repaying/0.088892 resumption/0.100068 reuter/0.000033 reuters/0.045231 s/0.056723 said/0.02905 sale/0.049515 say/0.054388 second/0.057518 seek/0.148238 short/0.064642 soared/0.088892 solve/0.082355 sources/0.050981 special/0.054388 stand/0.077717 stocks/0.055366 strategy/0.191594 support/0.051768 suspended/0.082355 take/0.054388 taken/0.061407 term/0.061407 thing/0.077717 today/0.036675 told/0.036995 totality/0.100068 trade/0.034326 traders/0.057518 trafficking/0.100068 true/0.100068 try/0.068694 understand/0.088892 undoubtedly/0.088892 unifying/0.100068 us/0.025033 used/0.064642 vein/0.100068 vital/0.088892 watch/0.100068 well/0.048828 world/0.042291 year/0.013934 years/0.045231 york/0.057518 10/0.039806 1.14/0.082355
130	trade	81	allow/0.086227 another/0.06984 apparently/0.106465 approval/0.078795 back/0.154543 balance/0.073244 bill/0.216151 billion/0.044215 budget/0.168243 calls/0.106465 club/0.112819 committeechairman/0.121774 congress/0.075846 congressional/0.112819 dan/0.121774 debated/0.121774 dlrs/0.018878 enacted/0.112819 expect/0.078795 fall/0.061962 general/0.073244 go/0.077271 help/0.07205 hike/0.121774 hold/0.080432 house/0.074507 however/0.061962 imports/0.062711 include/0.074507 increase/0.117114 increases/0.073244 individual/0.137084 industry/0.065989 issues/0.080432 items/0.094105 last/0.039753 leave/0.121774 level/0.073244 limit/0.094105 luncheon/0.137084 major/0.056741 means/0.094105 national/0.06783 next/0.065989 number/0.077271 part/0.06783 prefer/0.112819 president/0.061962 press/0.101536 proposal/0.075846 proposals/0.084122 proposed/0.135661 protection/0.112819 quotas/0.0822 rates/0.139679 rather/0.106465 reagan/0.217451 reform/0.112819 reluctant/0.243548 reuter/0.000045 revenue/0.094105 rostenkowski/0.314782 ruled/0.137084 s/0.046784 said/0.031357 single/0.101536 sought/0.106465 special/0.074507 suicide/0.121774 support/0.070917 tax/0.213848 textile/0.225637 told/0.050679 trade/0.141071 unchanged/0.075846 us/0.034292 ways/0.094105 year/0.057265 1987/0.046652 1988/0.088554 22/0.074507
139	coffee	92	according/0.054239 accounts/0.063326 affect/0.07261 affected/0.063326 another/0.049944 around/0.09314 assigned/0.080678 cafe/0.098031 caused/0.060157 coffee/0.221032 continued/0.056348 controlled/0.080678 cooperative/0.225105 cooperatives/0.098031 crop/0.157135 damage/0.067296 dlrs/0.027 early/0.043792 expected/0.038624 export/0.040166 exported/0.168505 exports/0.042333 extensive/0.087083 february/0.037219 flood/0.087083 floods/0.098031 forward/0.067296 four/0.043291 group/0.035321 groups/0.07261 harvest/0.139461 harvesting/0.087083 heavy/0.067296 hoping/0.087083 ico/0.168505 increase/0.041875 international/0.037906 justo/0.098031 kilos/0.080678 last/0.073486 looking/0.06973 ludena/0.098031 marin/0.196061 members/0.117565 mln/0.021896 month/0.08375 next/0.04719 non/0.054239 one/0.024827 organisation/0.14522 pct/0.038203 peru/0.289229 peruvian/0.098031 plantations/0.087083 president/0.08862 producers/0.106562 quintales/0.351436 quota/0.065187 rains/0.196805 reached/0.058782 recent/0.04431 record/0.029218 reuter/0.000032 reuters/0.04431 rica/0.161357 s/0.033456 said/0.026796 september/0.051524 spokesman/0.042333 starts/0.098031 state/0.043291 theperu/0.098031 told/0.036242 unaffected/0.196061 value/0.053281 valued/0.067296 villa/0.196061 waters/0.098031 whose/0.080678 year/0.045346 1.3/0.07261 1381009/0.098031 1616101/0.098031 1800000/0.098031 1986/0.019316 20/0.037559 230/0.098031 235092/0.098031 35/0.058782 46/0.07261 59960/0.098031 913000/0.098031
164	grain	51	action/0.085888 additional/0.072957 agriculture/0.06573 also/0.037549 commodity/0.097126 corporation/0.106046 coverage/0.136545 credit/0.231091 credits/0.090797 cumulative/0.088206 decreased/0.121296 department/0.113036 dlrs/0.048607 eligible/0.112375 excess/0.112375 export/0.111893 exported/0.090797 exports/0.058965 extended/0.101137 fiscal/0.085888 gsm/0.352964 guarantee/0.313545 hasapproved/0.136545 increases/0.072957 interemdiate/0.136545 intermediate/0.121296 line/0.153935 mln/0.045748 morocco/0.313545 must/0.148428 program/0.230903 registered/0.106046 reuter/0.000044 s/0.0233 said/0.020822 sales/0.110548 september/0.071767 seven/0.064036 terms/0.062464 three/0.045049 us/0.102473 wheat/0.208696 year/0.019013 years/0.123437 102/0.136545 103/0.212093 1987/0.092938 30/0.052798 45.0/0.27309 60.0/0.136545 75.0/0.136545
166	grain	194	able/0.051865 accu/0.059323 acreage/0.05496 agriculture/0.032147 ahead/0.049464 also/0.018364 analyst/0.040044 analysts/0.150573 another/0.034023 appear/0.059323 area/0.04314 areas/0.099225 authority/0.049464 back/0.037643 bad/0.049464 bears/0.059323 broken/0.05496 brought/0.042006 bulk/0.059323 buy/0.029491 buying/0.086279 can/0.033044 candor/0.066781 careful/0.059323 caused/0.081961 certainty/0.066781 chief/0.040044 cold/0.155595 combined/0.04314 conditions/0.045844 correlation/0.066781 crop/0.148789 crops/0.15059 crucial/0.059323 crusting/0.066781 damaged/0.109921 demands/0.059323 department/0.027642 desperate/0.066781 determine/0.051865 dim/0.05496 don/0.044407 dry/0.134069 dryness/0.133562 due/0.055283 ef/0.059323 enduring/0.066781 entering/0.059323 entire/0.05496 equal/0.045844 excellent/0.059323 fall/0.114926 farmers/0.039183 faulty/0.066781 feed/0.10373 feeding/0.059323 feel/0.059323 final/0.04098 fluke/0.066781 forecast/0.0351 forecaster/0.059323 future/0.034548 gail/0.066781 generally/0.051865 germination/0.059323 getting/0.049464 good/0.081961 gradually/0.059323 grain/0.140469 grains/0.11479 growing/0.045844 half/0.034023 harvest/0.047502 hectares/0.047502 highest/0.05496 however/0.030185 huge/0.059323 hutton/0.059323 ice/0.05496 impact/0.038386 inadequate/0.059323 increased/0.034023 insure/0.066781 jim/0.066781 last/0.05006 late/0.037643 likely/0.036297 little/0.045844 livestock/0.049464 longer/0.051865 lot/0.051865 lower/0.078027 made/0.027929 major/0.027642 market/0.021866 martell/0.200343 may/0.023279 mediocre/0.066781 melting/0.066781 meteorologist/0.066781 might/0.038386 mln/0.014916 month/0.028527 much/0.033044 near/0.037643 needs/0.049464 next/0.096441 nine/0.026064 normal/0.098928 normally/0.118646 northern/0.049464 note/0.018364 noted/0.034548 now/0.02709 occur/0.118646 official/0.028527 one/0.016913 outcome/0.051865 pasture/0.066781 pastures/0.066781 pct/0.033637 perfect/0.066781 period/0.032586 plans/0.032586 point/0.04314 poor/0.049464 precipitation/0.066781 premature/0.059323 probably/0.086279 problem/0.042006 problems/0.078366 prospects/0.047502 push/0.05496 raised/0.038386 really/0.049464 recent/0.030185 recently/0.04314 record/0.019904 reported/0.02916 require/0.047502 reseed/0.066781 reseeded/0.059323 reuter/0.000022 s/0.029457 said/0.025459 say/0.036297 second/0.038386 seen/0.037643 senior/0.04314 shaky/0.066781 situation/0.078366 six/0.064955 snowcover/0.172627 sometimes/0.059323 southern/0.042006 soviet/0.166981 soviets/0.177969 speculate/0.05496 spring/0.185934 standpoint/0.066781 start/0.086279 still/0.0351 subsequent/0.066781 supplies/0.044407 supply/0.034023 t/0.038386 temperatures/0.095005 ten/0.049464 time/0.028838 timely/0.066781 toa/0.066781 tonnes/0.02709 total/0.023663 ukraine/0.059323 ultimately/0.066781 union/0.097306 us/0.016706 usda/0.071363 ussr/0.098928 usually/0.05496 watching/0.066781 weather/0.172292 weeks/0.11479 will/0.047588 winter/0.192378 winterkill/0.185934 worried/0.059323 year/0.018598 years/0.030185 yield/0.049464 210/0.066781 25/0.061855 30/0.025822 35/0.040044
173	coffee	318	abandon/0.049325 accept/0.045697 acceptable/0.045697 achieve/0.045697 ad/0.049325 adding/0.032579 agree/0.073845 agreement/0.022087 allocate/0.049325 allow/0.034926 already/0.032579 alternative/0.038117 although/0.035869 american/0.02452 amongst/0.049325 apply/0.049325 april/0.016665 argument/0.049325 around/0.026378 availability/0.098649 average/0.059335 back/0.080906 bad/0.041127 bags/0.045697 basic/0.038117 basis/0.076234 begin/0.041127 board/0.044606 bottomless/0.055526 bought/0.032579 brazil/0.113189 brazilian/0.086247 breakdown/0.041127 bring/0.073845 brought/0.034926 buffer/0.055526 build/0.043123 can/0.027475 case/0.041127 cast/0.055526 caused/0.034073 cents/0.095443 claimed/0.055526 clear/0.041127 close/0.031916 coffee/0.130513 collapse/0.041127 come/0.036922 commercial/0.030721 commitment/0.045697 compared/0.022524 compares/0.039496 compromise/0.045697 condition/0.043123 considered/0.043123 consumer/0.108225 consumers/0.147439 consuming/0.041127 continued/0.031916 contrast/0.045697 corridors/0.055526 council/0.030721 countries/0.073561 criteria/0.091394 crop/0.089003 cynical/0.055526 damage/0.038117 dauster/0.211406 day/0.062597 debt/0.027475 decisions/0.043123 defining/0.055526 delegate/0.049325 delegates/0.151803 depressed/0.043123 details/0.032579 determine/0.043123 dictate/0.111051 difference/0.043123 differences/0.086247 different/0.082254 difficult/0.069852 direct/0.041127 discuss/0.071737 doubt/0.049325 drought/0.041127 due/0.022983 elements/0.049325 encourage/0.041127 end/0.025715 ending/0.034926 establish/0.039496 estimate/0.032579 even/0.073845 executive/0.032579 export/0.058809 exporters/0.039496 exporting/0.039496 exports/0.047956 failed/0.045697 failure/0.073845 fall/0.075293 february/0.021081 felt/0.055526 find/0.039496 floor/0.045697 following/0.032579 force/0.041127 forces/0.045697 forecast/0.029184 formula/0.043123 forthcoming/0.055526 found/0.045697 full/0.027094 future/0.05745 futures/0.078992 gaining/0.055526 gap/0.055526 go/0.080906 happy/0.045697 hard/0.036922 heavy/0.038117 held/0.027475 hidden/0.055526 hoc/0.049325 holding/0.035869 holdings/0.041127 hope/0.036922 horse/0.055526 ibc/0.055526 ico/0.173551 imagine/0.055526 importers/0.055526 importing/0.049325 imposed/0.045697 impossible/0.041127 indonesia/0.045697 insisted/0.055526 institute/0.031916 insufficient/0.045697 international/0.0555 interview/0.036922 iron/0.043123 jam/0.055526 jorio/0.055526 june/0.031299 keeping/0.043123 lapse/0.055526 last/0.048306 lasting/0.055526 later/0.035869 latin/0.038117 lb/0.111472 least/0.079413 like/0.076234 london/0.06659 low/0.029184 lowerto/0.055526 make/0.05208 many/0.034073 march/0.029384 market/0.054541 marketing/0.038117 markets/0.025715 may/0.058066 meet/0.036922 meets/0.055526 members/0.086066 minimum/0.038117 misconception/0.055526 mln/0.012402 momentum/0.049325 month/0.023719 months/0.02452 much/0.027475 need/0.06659 needed/0.036922 negotiating/0.086247 negotiation/0.049325 negotiations/0.098531 new/0.034284 next/0.026729 night/0.036922 non/0.030721 noted/0.028725 now/0.080747 objective/0.086247 october/0.033295 offer/0.02604 offering/0.038117 official/0.023719 one/0.042186 open/0.102096 operating/0.026729 options/0.039496 organization/0.038117 outs/0.055526 overall/0.041127 pact/0.033295 panic/0.055526 participate/0.049325 per/0.018044 plans/0.027094 plug/0.055526 policy/0.031299 politics/0.055526 prepared/0.078992 president/0.025098 pressure/0.073845 pressures/0.041127 previous/0.050802 price/0.0555 prices/0.062125 producer/0.114351 producers/0.125844 producing/0.031299 promises/0.055526 proposal/0.030721 proves/0.055526 public/0.027872 put/0.068147 quota/0.110767 quotas/0.166475 range/0.035869 ratio/0.045697 reaching/0.049325 real/0.030721 reflect/0.036922 reflected/0.043123 reflecting/0.041127 relationship/0.049325 remain/0.036922 return/0.032579 returning/0.049325 reuter/0.000036 rise/0.02452 round/0.043123 s/0.01895 said/0.021888 scheduled/0.034926 seemingly/0.055526 sell/0.053457 selling/0.036922 senior/0.035869 september/0.029184 session/0.043123 set/0.04904 setting/0.039496 settling/0.055526 share/0.016102 shares/0.019514 sharp/0.06659 show/0.031299 simplistic/0.055526 sink/0.055526 six/0.020893 sold/0.027094 sooner/0.055526 sources/0.028289 split/0.030179 stage/0.091394 stg/0.086066 stock/0.048089 stocks/0.061443 stood/0.043123 stop/0.045697 summer/0.049325 supplies/0.036922 support/0.028725 suspended/0.045697 system/0.029184 table/0.098649 talking/0.045697 talks/0.054188 target/0.031299 tenders/0.045697 time/0.023978 today/0.02035 tomorrow/0.038117 tonne/0.034926 towards/0.049325 trade/0.019047 traders/0.095748 trading/0.030179 tried/0.045697 uncertain/0.045697 unlikely/0.041127 urged/0.041127 us/0.01389 virtual/0.055526 waited/0.049325 want/0.071737 wanted/0.082254 way/0.065158 welcome/0.049325 whether/0.031916 whilst/0.055526 will/0.039567 yardstick/0.055526 year/0.023195 york/0.031916 1/0.044606 108.00/0.055526 11.2/0.043123 114.66/0.055526 120/0.043123 1270/0.055526 1314/0.055526 140/0.049325 15/0.022087 15.59/0.055526 184/0.055526 1972/0.055526 1980/0.041127 2/0.05208 26/0.030721 30/0.02147 4/0.034926
195	trade	67	american/0.104927 based/0.055716 britain/0.20421 california/0.175991 canada/0.060526 canadian/0.072904 cent/0.350515 continued/0.068287 contributed/0.081555 declining/0.118803 dlrs/0.032721 dollar/0.069706 edged/0.105535 efforts/0.081555 exported/0.078999 exports/0.132617 francisco/0.118803 gallons/0.356408 group/0.042806 importer/0.097774 imports/0.054348 increased/0.060526 industry/0.057189 institute/0.136575 japan/0.13881 last/0.068904 leading/0.078999 markets/0.05502 million/0.252741 mln/0.026536 part/0.058785 per/0.138404 place/0.081555 previous/0.054348 promotional/0.237605 reuter/0.000039 rose/0.124575 said/0.023416 san/0.092267 second/0.068287 shipments/0.076745 significantly/0.092267 spokesman/0.051303 strong/0.074728 three/0.039196 top/0.092267 total/0.042097 us/0.029719 value/0.064571 valued/0.081555 wine/0.350515 wines/0.118803 year/0.042763 1.2/0.087996 14.9/0.118803 15/0.047258 1985/0.03748 1986/0.023409 20.2/0.118803 2.6/0.097774 27.6/0.118803 3.2/0.084506 34.7/0.105535 7.2/0.092267 95/0.118803 962360/0.118803 9.9/0.087996
200	trade	113	activities/0.063642 added/0.041879 advocate/0.101179 agencies/0.07858 agency/0.05598 agricultural/0.063642 agriculture/0.09741 another/0.051547 approved/0.06536 associates/0.069457 bangladesh/0.089879 benefits/0.06536 bill/0.137466 broad/0.07858 chairman/0.049371 commercial/0.111961 committee/0.15683 committeemay/0.101179 concessional/0.101179 consider/0.06728 costa/0.089879 countries/0.148427 credit/0.051547 d/0.124177 department/0.083759 developing/0.07858 development/0.051547 dominican/0.083269 donation/0.101179 drafting/0.089879 drawn/0.089879 eight/0.047451 enhancement/0.083269 establish/0.07197 expected/0.039864 export/0.082912 extension/0.101179 federal/0.048705 food/0.06728 generate/0.101179 government/0.044179 india/0.083269 indonesia/0.083269 interest/0.044681 interested/0.07197 international/0.039123 john/0.069457 kenya/0.083269 leahy/0.089879 list/0.083269 made/0.042314 malaysia/0.083269 measure/0.186039 melcher/0.101179 members/0.06067 mexico/0.101179 missions/0.101179 mont/0.101179 months/0.044681 morocco/0.089879 nigeria/0.074942 nine/0.039489 one/0.025624 organizations/0.166539 panel/0.07858 passage/0.101179 patrick/0.083269 persons/0.101179 peru/0.083269 philippines/0.101179 pl480/0.101179 private/0.104686 programs/0.083269 representatives/0.06728 republic/0.083269 require/0.07197 required/0.059365 return/0.059365 reuter/0.000033 rica/0.083269 s/0.017265 said/0.019942 section/0.101179 seek/0.074942 selected/0.101179 sen/0.07858 senate/0.186039 senegal/0.101179 seven/0.047451 six/0.076142 sponsored/0.101179 staff/0.179544 stages/0.089879 state/0.044681 still/0.053179 strengthen/0.083269 support/0.052343 take/0.054992 teams/0.303537 tomorrow/0.138914 trade/0.115295 tunisia/0.101179 upon/0.083269 us/0.090737 venezuela/0.089879 visit/0.07858 visited/0.101179 voluntary/0.202358 vt/0.089879 wheat/0.051547 within/0.121341 year/0.014089 416/0.101179
211	grain	102	addition/0.07502 advance/0.082607 agricultural/0.073049 agriculture/0.055904 around/0.05517 australian/0.3175 average/0.062051 awb/0.232267 bae/0.103164 benefit/0.079723 board/0.046648 breakeven/0.232267 bureau/0.090194 calculated/0.086019 china/0.073049 cover/0.082607 crop/0.062051 crops/0.073049 current/0.044092 decline/0.058296 deducted/0.116134 deductions/0.116134 department/0.159683 dlrs/0.031986 drop/0.064255 economics/0.090194 egypt/0.095577 estimated/0.113336 example/0.086019 export/0.14275 exports/0.05015 fall/0.052492 farmer/0.116134 farmers/0.13628 freight/0.116134 gmp/0.232267 government/0.101418 grain/0.06814 grains/0.077224 guaranteed/0.090194 handling/0.090194 insufficient/0.095577 known/0.082607 large/0.066753 leading/0.077224 levels/0.069638 likelyreimburse/0.116134 livestock/0.086019 low/0.061039 lowest/0.082607 markets/0.053783 minimum/0.079723 mln/0.043085 normally/0.103164 pay/0.080965 payment/0.065462 pct/0.022629 per/0.037739 predicts/0.116134 previous/0.053127 price/0.116079 prices/0.086624 production/0.05015 receive/0.066753 receives/0.095577 recent/0.052492 reduced/0.059166 report/0.054464 result/0.06312 returns/0.116134 reuter/0.000038 revenue/0.079723 said/0.031744 sales/0.072746 sharp/0.069638 sharply/0.062051 shifts/0.116134 storage/0.082607 subsidies/0.103164 taxes/0.073049 three/0.038315 tonne/0.073049 tonnes/0.121776 two/0.030728 us/0.087155 usda/0.062051 well/0.056668 wheat/0.225267 will/0.064396 world/0.098162 year/0.016171 years/0.052492 132/0.116134 13.5/0.090194 1.5/0.069638 17.8/0.116134 1986/0.045767 1989/0.090194 2.0/0.07502 87/0.120159 90/0.165214 98/0.086019
223	grain	31	corn/0.3091 export/0.081706 gulf/0.128819 june/0.112407 march/0.052764 may/0.069513 northwest/0.164117 overnightfor/0.199415 pacific/0.141847 passed/0.136894 passes/0.177145 private/0.103163 rescheduled/0.164117 retender/0.398831 reuter/0.000065 said/0.03041 shipment/0.132603 sorghum/0.295409 sources/0.101596 taiwan/0.332993 tender/0.224813 tonnes/0.161786 us/0.128951 via/0.295409 will/0.085554 1/0.080099 15/0.15865 25000/0.164117 30/0.077108 49000/0.177145 6/0.128819
224	grain	17	bangladesh/0.496317 export/0.114461 optional/0.279357 origin/0.279357 passed/0.191772 passes/0.248159 private/0.14452 reuter/0.000091 said/0.0213 soft/0.397421 sources/0.142324 tender/0.157468 tenderfor/0.279357 tonnes/0.113321 weekend/0.21696 wheat/0.284647 100000/0.206917
228	grain	134	able/0.071812 acreage/0.152195 acres/0.246415 added/0.038272 ago/0.042822 ahead/0.068488 almost/0.061485 andanalysts/0.092465 announcement/0.065771 attractive/0.143624 back/0.052121 believe/0.058161 board/0.03714 can/0.045753 cbt/0.092465 chicago/0.076098 circumstances/0.065771 commercial/0.051159 commodities/0.071812 compliance/0.076098 corn/0.184184 cotton/0.177038 crop/0.148213 cross/0.068488 deal/0.053148 deficiency/0.068488 dismal/0.092465 due/0.038272 easier/0.082138 estimated/0.045118 even/0.061485 farmers/0.21701 friday/0.063475 futures/0.065771 gamble/0.092465 general/0.049404 gives/0.082138 government/0.040374 grain/0.054252 grains/0.061485 grow/0.071812 guarantees/0.082138 handle/0.076098 increase/0.039498 interest/0.040833 just/0.058161 land/0.068488 last/0.026814 late/0.052121 lift/0.082138 limited/0.058161 loan/0.052121 look/0.065771 lot/0.071812 low/0.048599 make/0.043364 many/0.056741 markets/0.042822 may/0.032232 means/0.063475 mln/0.010326 months/0.081665 new/0.07379 normal/0.068488 now/0.037508 oat/0.092465 oats/0.212324 one/0.046834 outlook/0.059731 payments/0.051159 penalized/0.092465 place/0.063475 planned/0.063475 plant/0.056741 planted/0.065771 planting/0.076098 plantings/0.164277 price/0.071507 prices/0.06897 producing/0.052121 production/0.039929 professionals/0.092465 program/0.104241 prompt/0.092465 prompting/0.092465 protected/0.092465 purchases/0.054252 put/0.056741 rather/0.071812 ratio/0.076098 reasons/0.068488 recent/0.041794 reduced/0.047108 reduction/0.056741 regions/0.092465 requirement/0.068488 reuter/0.00003 said/0.0141 sales/0.02896 shift/0.076098 shifting/0.092465 sign/0.076098 six/0.034792 south/0.091505 soybean/0.19671 soybeans/0.273413 spring/0.143624 stay/0.068488 steady/0.076098 stick/0.143624 sure/0.071812 thing/0.071812 think/0.055445 thinking/0.082138 though/0.071812 three/0.030506 trade/0.063436 trader/0.076098 traders/0.159445 traditional/0.076098 twice/0.082138 two/0.024466 upcoming/0.082138 usda/0.049404 voiced/0.092465 want/0.059731 will/0.065889 willing/0.065771 without/0.050256 year/0.012875 years/0.041794 1/0.03714 1987/0.031468 2.9/0.071812
229	grain	62	agriculture/0.064443 alfalfa/0.237843 benefits/0.086479 bill/0.070362 called/0.072761 committee/0.160548 congress/0.074069 conservation/0.103971 crop/0.143057 crops/0.168413 current/0.050827 d/0.082151 edward/0.118921 erodible/0.133872 erosion/0.118921 exempt/0.103971 exemptions/0.133872 farm/0.082151 farmers/0.203043 federal/0.064443 government/0.058455 grasses/0.237843 highly/0.103971 isexpected/0.133872 land/0.198315 later/0.086479 law/0.08902 legumes/0.237843 less/0.066241 look/0.095225 lose/0.118921 many/0.082151 measure/0.095225 multiyear/0.237843 neb/0.118921 planted/0.095225 practices/0.220351 produce/0.095225 produced/0.095225 program/0.150922 recently/0.086479 regulations/0.103971 resulted/0.099157 reuter/0.000044 rotated/0.133872 rotating/0.133872 row/0.256318 said/0.020415 sen/0.103971 senate/0.095225 sodbuster/0.118921 soil/0.133872 sponsor/0.133872 staff/0.0919 strictly/0.133872 take/0.072761 tomorrow/0.0919 us/0.033489 years/0.121021 zorinsky/0.118921 1981/0.099157 1985/0.042235
252	money-fx	27	around/0.114456 assistance/0.16021 bank/0.179712 brings/0.198285 compares/0.171378 england/0.155638 far/0.155638 forecast/0.126632 given/0.138487 help/0.253264 late/0.271617 latest/0.16021 market/0.157774 mln/0.080721 money/0.2619 providedthe/0.240932 reuter/0.000078 said/0.01837 shortage/0.165394 stg/0.433412 system/0.126632 today/0.176606 total/0.085372 uk/0.120941 250/0.165394 85/0.35691 87/0.124641
270	trade	88	able/0.096092 acid/0.123728 acquire/0.068457 adjustment/0.192185 advisory/0.101827 agreement/0.049218 allowing/0.091644 also/0.034024 attempted/0.101827 attempting/0.10991 autumn/0.10991 baldrige/0.371184 business/0.102426 canada/0.063036 change/0.066109 commerce/0.096092 companies/0.055272 company/0.060412 complete/0.079926 computer/0.196266 concern/0.176019 concerned/0.075926 continuing/0.088009 control/0.072596 council/0.068457 countries/0.054639 deficit/0.072596 deficits/0.192185 discussion/0.203655 exchange/0.10686 export/0.050695 expressed/0.096092 fairchild/0.123728 feel/0.10991 free/0.091644 fujitsu/0.123728 giant/0.123728 group/0.04458 hopeful/0.123728 improvement/0.079926 including/0.058778 industry/0.05956 issue/0.068457 issues/0.072596 japan/0.055925 japanese/0.072596 korea/0.079926 korean/0.091644 large/0.071119 lastly/0.123728 likelihood/0.123728 little/0.084936 major/0.102426 malcolmbaldrige/0.123728 market/0.081023 matters/0.10991 much/0.061222 particular/0.096092 president/0.055925 probably/0.079926 rain/0.10991 ranging/0.088009 rate/0.052291 rates/0.063036 remained/0.084936 repeated/0.123728 resisting/0.096092 reuter/0.00004 s/0.042226 said/0.03382 secretary/0.077826 see/0.145192 south/0.061222 speaking/0.10991 states/0.063036 surplus/0.069743 t/0.071119 taiwan/0.206607 takeover/0.079926 time/0.05343 trade/0.109712 united/0.05956 unless/0.10991 unresolved/0.123728 us/0.117843 wide/0.123728 without/0.067248 won/0.091644
288	money-fx	51	added/0.074398 aide/0.139595 also/0.049428 america/0.105461 assistantsecretary/0.179742 berger/0.359484 cause/0.246777 close/0.103315 council/0.099448 cut/0.086524 depressions/0.179742 deputy/0.116111 devalued/0.179742 dollar/0.316384 drop/0.099448 dropped/0.123389 drops/0.159669 economic/0.091573 exchange/0.077619 export/0.073646 germans/0.179742 go/0.101317 goods/0.105461 inflation/0.285119 interest/0.079375 japanese/0.105461 margins/0.147926 markets/0.083242 may/0.062656 meeting/0.080294 much/0.088938 partners/0.113059 president/0.081244 prices/0.13407 profit/0.059757 recent/0.081244 reflect/0.119522 remained/0.123389 reuter/0.000058 s/0.061342 said/0.02741 states/0.091573 thomas/0.159669 told/0.06645 trading/0.097692 treasury/0.220598 trigger/0.147926 united/0.086524 us/0.116229 value/0.097692 warns/0.179742
302	money-fx	158	ability/0.04868 account/0.07573 adequacy/0.068437 adequate/0.060794 affect/0.050691 agencies/0.053151 agree/0.045508 agreed/0.084041 agreement/0.054447 amount/0.036566 amounts/0.050691 april/0.02054 arrangements/0.106302 array/0.068437 assets/0.033394 assigned/0.056323 assignment/0.068437 authorities/0.106302 balance/0.073133 bank/0.097178 banking/0.037197 banks/0.117611 basis/0.04698 board/0.027489 britain/0.091016 calculating/0.060794 called/0.037197 capital/0.106213 central/0.034867 certain/0.07573 change/0.036566 changed/0.09736 circumstances/0.09736 collaterals/0.136874 comment/0.045508 commercial/0.037865 competitively/0.060794 complements/0.068437 concept/0.060794 concerned/0.041997 consolidate/0.136874 contract/0.123111 contracts/0.17219 counterparty/0.15715 cover/0.09736 covering/0.056323 create/0.121588 credit/0.124995 currency/0.07573 current/0.067166 decisions/0.053151 depending/0.056323 determined/0.053151 development/0.069733 dilemma/0.068437 domestic/0.033863 due/0.028327 encourage/0.152072 england/0.14686 equivalent/0.117636 estimate/0.040155 exchange/0.076395 exchanges/0.101381 exposure/0.04868 exposures/0.068437 faced/0.056323 fed/0.04698 federalreserve/0.060794 final/0.041997 five/0.023291 fluctuations/0.056323 foreign/0.064191 forward/0.04698 future/0.035404 futures/0.09736 given/0.039337 government/0.029883 governments/0.060794 guarantees/0.15715 hand/0.136874 however/0.030934 implementation/0.136874 interest/0.078123 involving/0.056323 january/0.0485 joint/0.04868 keen/0.136874 lies/0.068437 make/0.032095 matures/0.068437 maturity/0.060794 may/0.071569 measure/0.04868 measuring/0.068437 might/0.039337 multiple/0.136874 national/0.033863 net/0.025937 new/0.042256 one/0.062135 options/0.125836 organisations/0.060794 overly/0.068437 paper/0.093961 payments/0.07573 pct/0.013335 plan/0.036566 plans/0.033394 potential/0.082074 price/0.026463 proposal/0.07573 proposals/0.167986 proposed/0.067727 quality/0.04868 rate/0.057846 rates/0.034867 reached/0.041037 recognised/0.182382 reduce/0.070809 reflected/0.053151 regulatory/0.088419 remaining/0.040155 require/0.04868 requirements/0.053151 reuter/0.000022 risk/0.143001 rules/0.083993 said/0.022552 securities/0.065888 sheet/0.043048 sheets/0.068437 show/0.038577 showed/0.106079 similar/0.086095 single/0.152072 spot/0.106302 standards/0.101381 stream/0.136874 stringent/0.068437 subject/0.038577 support/0.035404 swaps/0.053151 take/0.074393 traded/0.093961 treatment/0.060794 trunk/0.068437 two/0.018108 uk/0.068707 unnecessarily/0.068437 us/0.06848 value/0.074393 weights/0.136874 will/0.01468 wish/0.136874 yet/0.040155 zero/0.056323 100/0.036566 16/0.027223
310	grain	61	added/0.059603 air/0.102428 april/0.086436 c/0.191507 can/0.142504 cold/0.22367 damage/0.098851 damaged/0.118509 degrees/0.127917 earlier/0.05784 even/0.095753 expected/0.056735 exposed/0.143998 february/0.054671 frost/0.127917 frosts/0.255833 ground/0.127917 harmful/0.143998 impact/0.08277 institute/0.08277 known/0.102428 late/0.081169 layer/0.143998 likely/0.078265 low/0.075685 mainly/0.088365 march/0.038101 may/0.050196 melted/0.143998 meteorology/0.143998 minus/0.22367 night/0.095753 poland/0.289089 polish/0.118509 protective/0.143998 recent/0.065087 reuter/0.000047 reuters/0.065087 s/0.049143 said/0.021959 shoots/0.143998 snow/0.118509 sown/0.127917 spells/0.143998 spokesman/0.062183 still/0.075685 survive/0.118509 temperatures/0.204856 teresa/0.143998 thin/0.143998 though/0.111835 told/0.053236 tomaszewska/0.143998 tosurvive/0.143998 varieties/0.143998 wheat/0.220088 will/0.030889 winter/0.186041 young/0.143998 20/0.05517 30/0.05568
315	coffee	246	accommodative/0.060594 ad/0.053827 administration/0.071106 adoption/0.049868 african/0.037184 agree/0.040293 agreement/0.024104 aim/0.04706 allies/0.060594 allow/0.038114 also/0.016663 although/0.039143 america/0.035553 american/0.026759 among/0.074367 appeals/0.060594 april/0.018186 asked/0.036334 assistant/0.044881 australia/0.049868 away/0.049868 back/0.034156 backed/0.107654 based/0.028417 basic/0.083193 blamed/0.04706 bloc/0.060594 block/0.060594 bracing/0.060594 brasilia/0.060594 brazil/0.155053 calculated/0.044881 central/0.030871 change/0.032376 coast/0.044881 coffee/0.156603 collapse/0.044881 colombia/0.111415 come/0.040293 community/0.030417 comply/0.049868 concern/0.043101 conflicting/0.053827 congress/0.033526 consumer/0.071106 consumers/0.044881 consuming/0.134644 continue/0.061742 costa/0.053827 council/0.033526 countries/0.08889 criteria/0.178777 crop/0.032376 customs/0.044881 debt/0.029983 delegation/0.049868 demand/0.031347 department/0.075242 differed/0.053827 difficult/0.038114 diplomatic/0.053827 discussing/0.04706 division/0.037184 dominican/0.049868 drive/0.053827 early/0.027068 easing/0.053827 ec/0.030417 effect/0.034829 effort/0.037184 el/0.060594 enough/0.04706 establishing/0.121188 establishinginternational/0.060594 european/0.029567 expected/0.023874 export/0.024827 exportable/0.053827 face/0.043101 faced/0.049868 failure/0.104155 fairly/0.049868 far/0.039143 feeling/0.060594 flexible/0.107654 flood/0.053827 following/0.035553 formula/0.04706 france/0.041596 future/0.094041 germany/0.072668 government/0.026458 group/0.056436 guatemala/0.060594 head/0.04706 hoc/0.053827 house/0.032934 however/0.054777 ico/0.080585 identified/0.053827 important/0.086203 imports/0.02772 impossible/0.044881 incorporating/0.060594 intransigence/0.060594 involved/0.038114 issue/0.033526 ivory/0.053827 japan/0.027389 joined/0.044881 jon/0.060594 key/0.04706 kind/0.053827 knowing/0.060594 large/0.069659 largest/0.032934 last/0.017572 latin/0.041596 lead/0.037184 led/0.101183 legislation/0.037184 london/0.1207 maintaining/0.053827 major/0.064833 make/0.028417 manuevering/0.060594 market/0.051286 may/0.0546 method/0.099737 monitor/0.049868 months/0.026759 mounting/0.060594 national/0.029983 nations/0.068311 necessary/0.044881 negotiations/0.041596 netherlands/0.043101 new/0.037414 next/0.058337 nobody/0.060594 now/0.02458 objective/0.179174 offensive/0.060594 official/0.051767 officials/0.127391 one/0.015346 opposing/0.049868 organization/0.041596 outcome/0.04706 particularly/0.101183 plans/0.029567 player/0.060594 policy/0.088291 political/0.086203 politically/0.121188 position/0.164102 positions/0.044881 pressure/0.120878 pressures/0.089763 pressuring/0.060594 prevent/0.04706 prices/0.022599 problems/0.035553 producer/0.13818 producers/0.131735 production/0.026167 proposals/0.037184 proposed/0.059965 proposing/0.053827 put/0.037184 qualified/0.053827 question/0.053827 quota/0.040293 quotas/0.130257 re/0.035553 reagan/0.037184 reassess/0.121188 recent/0.027389 reduced/0.030871 representative/0.038114 represented/0.041596 republic/0.049868 resisting/0.04706 resolve/0.053827 resume/0.053827 return/0.035553 reuter/0.00002 reuters/0.027389 reviewing/0.060594 rica/0.049868 risky/0.060594 rosenbaum/0.156633 s/0.037067 said/0.022671 salvador/0.060594 security/0.044881 seen/0.034156 sensitive/0.060594 service/0.036334 set/0.026759 setting/0.086203 share/0.017572 shares/0.04259 situation/0.035553 small/0.078286 soften/0.060594 softening/0.060594 sources/0.030871 splinter/0.156633 stance/0.053827 state/0.080276 states/0.092612 step/0.089763 stocks/0.033526 strong/0.038114 successfully/0.04706 support/0.081031 supported/0.049868 taken/0.037184 talks/0.123293 test/0.053827 times/0.04706 told/0.022401 toward/0.04706 trade/0.020786 traditional/0.049868 transition/0.049868 turn/0.04706 uk/0.030417 united/0.087506 unlikely/0.044881 urgent/0.053827 us/0.082754 verified/0.060594 votes/0.049868 want/0.039143 washington/0.038114 way/0.035553 week/0.028417 west/0.059965 white/0.043101 will/0.038994 willing/0.043101 within/0.036334 world/0.025609 zealand/0.053827
317	grain	175	abundant/0.063519 according/0.090845 advanced/0.052275 affected/0.041032 aid/0.043604 aires/0.063519 april/0.019064 area/0.136306 areas/0.03651 argentine/0.063519 begin/0.047048 buenos/0.063519 central/0.032361 chaco/0.063519 coarse/0.127038 compared/0.025766 condition/0.049331 continued/0.03651 contrast/0.052275 cordoba/0.063519 corrientes/0.063519 crops/0.103279 cut/0.030576 damage/0.043604 drop/0.070288 entre/0.063519 estimated/0.030994 estimates/0.123096 expected/0.083135 fe/0.11285 figure/0.112715 figures/0.061153 five/0.055879 formosa/0.063519 forward/0.087208 four/0.02805 fresh/0.049331 generally/0.049331 good/0.038978 grain/0.123804 great/0.049331 growers/0.098663 halt/0.056425 harvest/0.212374 harvested/0.169275 harvesting/0.169275 harvests/0.063519 heaviest/0.063519 hectares/0.180727 helped/0.049331 high/0.029417 hit/0.041032 inched/0.063519 increase/0.027133 la/0.056425 last/0.07368 less/0.081245 lower/0.028711 luis/0.063519 maize/0.173655 may/0.022142 mean/0.084475 measured/0.049331 million/0.052275 misiones/0.063519 mln/0.036674 mm/0.199031 moving/0.047048 nine/0.049582 official/0.054266 pampa/0.063519 paralysed/0.063519 particularly/0.041032 pct/0.058176 planted/0.180727 private/0.06572 producing/0.035804 production/0.082289 proved/0.063519 province/0.063519 put/0.038978 rain/0.056425 rainfall/0.063519 rains/0.187822 record/0.056795 recorded/0.043604 reduce/0.03286 reported/0.027735 reuter/0.000021 revise/0.063519 rios/0.063519 s/0.045197 said/0.009686 san/0.049331 santa/0.11285 sectors/0.052275 seven/0.089366 similar/0.039954 slowly/0.063519 sorghum/0.141143 sources/0.032361 soybean/0.173655 sunflower/0.190556 sunflowers/0.063519 temperatures/0.045182 though/0.098663 throughoutargentina/0.063519 tonnes/0.107444 torrential/0.127038 total/0.097275 trade/0.021789 two/0.043445 virtually/0.052275 volume/0.123096 week/0.077003 western/0.038978 will/0.013625 year/0.033675 yesterday/0.032361 yields/0.056425 10/0.050534 100/0.033938 10.3/0.043604 10.4/0.047048 10.8/0.063519 11/0.033385 11.1/0.052275 120/0.049331 1.23/0.052275 12.4/0.049331 12.6/0.056425 1.30/0.052275 13.8/0.052275 1.45/0.056425 15/0.065314 15.1/0.056425 15.2/0.056425 16.7/0.052275 17.5/0.052275 18.9/0.063519 19.4/0.063519 1985/0.060118 1986/0.025032 21.9/0.056425 2.2/0.042238 22/0.034523 2.4/0.045182 2.7/0.052275 270/0.063519 29.9/0.052275 3.14/0.063519 3.2/0.045182 3.34/0.063519 34.1/0.063519 3.5/0.049331 3.58/0.063519 36.3/0.063519 3.7/0.052275 3.78/0.063519 3.8/0.052275 3.85/0.052275 40/0.038978 4.1/0.11285 41.5/0.063519 4.2/0.063519 50/0.029789 60/0.033385 7.1/0.056425 7.2/0.049331 7.3/0.056425 75/0.052275 8.0/0.052275 8.4/0.056425 86/0.116935 87/0.06572
321	trade	47	affairs/0.120583 aide/0.126437 appoints/0.162799 belgian/0.111758 body/0.126437 charge/0.191041 chief/0.29286 commission/0.16111 commissioner/0.133983 community/0.081721 continue/0.082941 davignon/0.162799 departments/0.144618 ec/0.163442 etienne/0.162799 european/0.079439 external/0.120583 former/0.102402 forums/0.162799 gatt/0.120583 handling/0.126437 hugo/0.162799 january/0.057686 luyten/0.162799 may/0.05675 multilateral/0.162799 negotiations/0.223516 new/0.05026 now/0.066039 oecd/0.133983 official/0.139084 paemen/0.42083 paul/0.144618 post/0.126437 previously/0.080555 retirement/0.133983 reuter/0.000053 said/0.024826 since/0.076349 spokesman/0.210907 todayappointed/0.162799 top/0.126437 trade/0.144357 will/0.034922 world/0.068803 1/0.065392 1985/0.051361
335	grain	82	aconsiderable/0.121854 adding/0.071496 affected/0.078716 agriculture/0.058658 amount/0.065107 analyst/0.073068 bringing/0.108245 byelorussia/0.121854 caused/0.074776 centigrade/0.108245 considerable/0.100285 country/0.066229 creates/0.121854 crop/0.065107 crops/0.19813 daily/0.086676 department/0.050437 easy/0.108245 effort/0.074776 equal/0.08365 extra/0.108245 fall/0.055078 fell/0.052052 fields/0.094637 fieldwork/0.121854 figure/0.08365 figures/0.058658 fulfil/0.121854 giving/0.086676 government/0.053207 grain/0.184815 harvest/0.086676 hectares/0.173353 highest/0.100285 izvestia/0.314988 large/0.070041 less/0.060295 low/0.064046 minus/0.094637 mln/0.040826 must/0.066229 need/0.146135 newspaper/0.108245 nine/0.095118 part/0.060295 parts/0.08365 pct/0.023743 planned/0.08365 previously/0.060295 reseeded/0.27981 reseeding/0.121854 reuter/0.00004 s/0.020793 said/0.033308 says/0.074776 second/0.070041 simple/0.121854 soviet/0.188877 spring/0.094637 state/0.053811 stop/0.100285 sudden/0.108245 target/0.068687 task/0.121854 temperatures/0.173353 tonnes/0.09886 total/0.043178 ukraine/0.108245 union/0.068687 us/0.030483 washington/0.076647 week/0.057147 will/0.052278 winter/0.261488 winterkill/0.189274 without/0.066229 years/0.055078 10/0.048472 1987/0.04147 232/0.243708 25/0.056433 30/0.047118
338	grain	60	acres/0.11559 action/0.081848 agriculture/0.062637 alfalfa/0.231179 asked/0.078025 benefits/0.084057 bill/0.136782 buster/0.130122 committeeapproved/0.130122 conservation/0.261231 crop/0.069525 currently/0.070723 d/0.079849 deny/0.130122 edward/0.11559 equity/0.089325 established/0.09638 exempt/0.101058 exemption/0.260243 farm/0.159699 farmers/0.152694 federal/0.125275 first/0.053315 grasses/0.231179 group/0.046884 identified/0.11559 interrupting/0.130122 lead/0.079849 leading/0.086526 legumes/0.231179 makes/0.079849 measure/0.092557 millions/0.11559 move/0.084057 multiyear/0.231179 neb/0.11559 official/0.055583 panel/0.202116 planted/0.185114 plantings/0.11559 potentially/0.130122 program/0.073347 regulations/0.101058 requirement/0.09638 restore/0.107089 reuter/0.000042 row/0.09638 rules/0.079849 s/0.022204 said/0.019843 sen/0.101058 senate/0.185114 sod/0.130122 sodbuster/0.11559 unfortunate/0.130122 us/0.065102 without/0.070723 zorinsky/0.11559 1981/0.192759 1985/0.106116
351	grain	73	already/0.069267 amount/0.163053 awarding/0.118055 barley/0.226034 bernard/0.118055 better/0.072445 called/0.064165 carryoverbarley/0.118055 cereals/0.087442 certificates/0.076262 commission/0.11683 compared/0.047889 countries/0.052133 decision/0.074258 detailing/0.118055 director/0.07079 due/0.048865 ec/0.153186 end/0.109347 estimate/0.069267 estimated/0.115211 estimates/0.076262 export/0.125036 exports/0.05098 february/0.044822 forecasts/0.081042 french/0.290356 help/0.062049 higher/0.056829 hold/0.069267 intervention/0.209491 january/0.041832 journalists/0.091686 large/0.067858 larger/0.087442 lowered/0.083974 maize/0.194317 mln/0.034081 month/0.050429 non/0.065318 now/0.047889 office/0.081042 onic/0.209742 opened/0.081042 outlets/0.118055 outlook/0.076262 previous/0.054006 put/0.187267 reuter/0.000038 s/0.020145 said/0.027004 size/0.097158 small/0.076262 special/0.064165 stocks/0.130636 tenders/0.097158 told/0.043645 tonnes/0.17168 unchanged/0.065318 vieux/0.305168 volume/0.076262 without/0.064165 worrying/0.23611 155000/0.118055 1.72/0.104871 1985/0.096276 1986/0.046524 200000/0.097158 4.5/0.083974 5.76/0.118055 700000/0.174884 86/0.187267 87/0.122147
364	grain	101	additional/0.059252 advisedthe/0.110896 advises/0.098511 agricultural/0.069754 aid/0.152255 already/0.065067 announced/0.05737 april/0.033283 around/0.052682 august/0.082139 barley/0.082139 beginning/0.078882 billion/0.035769 board/0.169594 bolts/0.110896 cabinet/0.091266 canada/0.112996 canadian/0.175911 charles/0.098511 compensate/0.098511 crop/0.153165 cut/0.137992 cuts/0.139509 decision/0.069754 declined/0.061357 delivered/0.091266 depend/0.098511 difference/0.086126 dlr/0.041727 drops/0.098511 economic/0.056498 economists/0.078882 elevators/0.110896 end/0.051358 estimated/0.054112 expected/0.043693 fall/0.050125 farm/0.068052 farmers/0.216147 federal/0.160148 final/0.136103 getting/0.082139 give/0.065067 good/0.068052 government/0.125169 grain/0.1952 growers/0.086126 higher/0.053383 initial/0.244964 last/0.064318 leaders/0.098511 lower/0.10025 made/0.046378 makes/0.068052 markets/0.102716 mayer/0.221792 minister/0.05737 news/0.059252 nuts/0.110896 oats/0.098511 obtains/0.110896 officials/0.058286 one/0.028085 paid/0.059252 payment/0.12502 pct/0.043217 pretty/0.110896 price/0.085761 prices/0.157468 program/0.06251 put/0.068052 re/0.130133 really/0.082139 receive/0.127485 recommend/0.076127 recommended/0.098511 rests/0.110896 reuter/0.000036 s/0.037846 said/0.021857 serious/0.078882 sharply/0.059252 size/0.091266 spokesman/0.095777 survival/0.098511 talking/0.091266 treasury/0.068052 used/0.071637 usually/0.091266 warned/0.082139 western/0.068052 wheat/0.202543 whether/0.063743 will/0.023788 world/0.046867 worthwhile/0.110896 year/0.046325 1/0.044544 19/0.063743 20/0.042488 27/0.054112
370	trade	64	agreed/0.062689 agreement/0.052493 ambassador/0.117224 bilateral/0.102486 briefing/0.117224 canada/0.13446 canadian/0.161957 charged/0.102486 chief/0.079128 complaint/0.117224 conservations/0.131961 consultations/0.131961 council/0.146023 david/0.090588 debate/0.108603 decision/0.083005 delegation/0.108603 deputy/0.085245 discriminatory/0.131961 dispute/0.204973 domestic/0.065296 examine/0.131961 export/0.054068 failed/0.108603 formaldispute/0.131961 gatt/0.293226 general/0.070507 herring/0.341115 home/0.085245 insisting/0.131961 jobs/0.108603 law/0.175498 line/0.074384 michael/0.090588 news/0.070507 official/0.056369 panel/0.264924 preserve/0.131961 processed/0.108603 prohibiting/0.131961 reasons/0.097742 replied/0.102486 resolve/0.117224 reuter/0.000043 robert/0.097742 row/0.097742 rules/0.080978 ruling/0.108603 s/0.022518 salmon/0.263922 samuels/0.117224 set/0.058274 sets/0.062689 setting/0.093866 spokesman/0.056985 taken/0.080978 tariffs/0.097742 told/0.048786 trade/0.045267 trying/0.093866 unprocessed/0.131961 us/0.066022 white/0.093866 wood/0.131961
386	coffee	118	according/0.058222 account/0.058222 adopt/0.093478 african/0.064575 american/0.04647 attitude/0.10523 attitudes/0.10523 bags/0.173207 blame/0.086603 blasts/0.10523 brazil/0.129149 breakdown/0.077943 calendar/0.10523 can/0.052069 certain/0.058222 certainly/0.093478 cesar/0.093478 coffee/0.212646 colombia/0.268339 colombian/0.093478 consequences/0.10523 consuming/0.077943 conversation/0.10523 countries/0.04647 country/0.114388 current/0.079905 deplored/0.10523 difficult/0.066191 dlrs/0.028983 drop/0.058222 earn/0.077943 economic/0.107223 ending/0.066191 ensure/0.086603 estimate/0.061742 export/0.111453 exported/0.069974 exports/0.045442 extended/0.077943 factors/0.061742 failure/0.139948 finance/0.055308 gaviria/0.280434 gaviriablamed/0.10523 held/0.052069 high/0.048734 hope/0.069974 ico/0.069974 impossible/0.077943 inflexible/0.21046 international/0.04069 interview/0.069974 intransigent/0.10523 introduce/0.093478 journalists/0.081726 laid/0.10523 last/0.061032 later/0.067977 latin/0.072238 less/0.052069 level/0.056225 like/0.072238 local/0.066191 london/0.126199 made/0.044008 make/0.04935 minister/0.054439 mln/0.035256 nations/0.118632 necessarily/0.093478 negotiations/0.072238 one/0.02665 organisation/0.077943 outcome/0.081726 pct/0.020504 political/0.149703 position/0.149703 positions/0.077943 probably/0.067977 producing/0.059316 quotas/0.126199 re/0.061742 record/0.031364 relatively/0.077943 represent/0.086603 reuter/0.000034 reuters/0.095128 revenue/0.072238 revenues/0.055308 s/0.035913 said/0.008023 september/0.055308 serious/0.074851 start/0.067977 stockpiles/0.10523 stocks/0.058222 stressed/0.086603 successful/0.077943 suffer/0.093478 talks/0.132731 told/0.077806 total/0.037287 traditionally/0.093478 tried/0.086603 understand/0.093478 us/0.087446 week/0.04935 weekend/0.081726 year/0.037877 10.5/0.072238 11.5/0.086603 1400/0.093478 1500/0.10523 1985/0.033198 1986/0.020735 30/0.04069 55/0.067977 86/0.064575
395	grain	83	ago/0.055261 agreement/0.205144 albert/0.098203 attractive/0.092672 can/0.059043 certain/0.06602 commodity/0.084877 comparison/0.105998 current/0.090607 deputy/0.077082 different/0.176764 difficulties/0.092672 expires/0.119324 first/0.048891 five/0.040609 forecasts/0.081913 future/0.06173 give/0.070012 government/0.052102 grain/0.180978 grains/0.158692 happen/0.098203 high/0.055261 imbalance/0.098203 increased/0.060792 indicate/0.105998 indications/0.105998 interview/0.079346 less/0.059043 long/0.06173 make/0.05596 markets/0.055261 melnikov/0.317994 might/0.068587 next/0.05744 noted/0.06173 official/0.050971 officials/0.125432 one/0.030219 pact/0.071551 point/0.077082 prices/0.089004 produce/0.084877 production/0.051528 prospects/0.084877 pushing/0.105998 renewal/0.357973 representative/0.075056 response/0.079346 reuter/0.000039 reuters/0.053935 said/0.032617 second/0.137174 seen/0.067261 sept/0.176764 sides/0.088382 signed/0.079346 situation/0.070012 soviet/0.237686 speculate/0.098203 statements/0.088382 states/0.060792 supply/0.060792 ten/0.088382 term/0.073224 thefive/0.119324 three/0.039368 told/0.044114 trade/0.105807 uncertain/0.196406 union/0.134521 united/0.05744 us/0.089549 ussr/0.176764 ve/0.098203 want/0.077082 will/0.025596 world/0.100859 year/0.033231 years/0.053935 1975/0.105998 1988/0.154163 30/0.092279
418	grain	103	accordance/0.080343 accused/0.097622 agreement/0.139215 albert/0.080343 article/0.080343 available/0.058538 buy/0.04311 buying/0.163014 can/0.048305 commercial/0.054013 commodities/0.075818 competitive/0.232719 confirmed/0.080343 consider/0.064915 corn/0.151318 decide/0.08672 definite/0.097622 demand/0.050503 depends/0.097622 deputy/0.063063 different/0.072308 dlr/0.036733 dlrs/0.013444 entirely/0.08672 failing/0.080343 fault/0.097622 fulfill/0.097622 fulfillits/0.097622 grain/0.171836 grains/0.12983 however/0.044125 implementing/0.097622 insufficient/0.080343 interested/0.06944 interview/0.064915 last/0.02831 levels/0.058538 lived/0.080343 made/0.040827 make/0.045783 market/0.082626 melnikov/0.288078 met/0.06944 mln/0.010902 moscow/0.080343 must/0.053059 near/0.055028 need/0.058538 normal/0.072308 obligations/0.072308 offer/0.152087 offered/0.059906 official/0.083402 per/0.031724 prevailing/0.151635 price/0.075496 prices/0.145634 products/0.049736 purchase/0.049736 purchases/0.114557 quantities/0.080343 ready/0.17344 recent/0.044125 rejected/0.080343 remain/0.064915 representative/0.061405 reuter/0.000032 reuters/0.044125 s/0.033316 said/0.033194 sale/0.048305 sales/0.030575 seller/0.097622 selling/0.064915 soviet/0.222874 soviets/0.224168 states/0.214953 story/0.08672 subsidized/0.08672 subsidy/0.160685 supply/0.099471 tell/0.080343 term/0.059906 terms/0.044659 tied/0.097622 time/0.084314 told/0.036091 tonne/0.061405 tonnes/0.039601 trade/0.066975 union/0.142245 united/0.195958 us/0.097684 ussr/0.072308 want/0.063063 wheat/0.149207 whether/0.056113 will/0.062823 world/0.041258 year/0.013594 13/0.039601 1.5/0.058538 26/0.054013
432	trade	170	added/0.032803 adding/0.046499 administration/0.092998 agreeeement/0.07925 aide/0.061549 airbus/0.070399 aircraft/0.061549 alleged/0.07925 already/0.046499 also/0.056335 another/0.080751 arbiter/0.07925 asian/0.070399 avoid/0.056371 avoided/0.07925 back/0.044672 belgian/0.054403 better/0.097264 bill/0.083306 billion/0.066075 bills/0.054403 brink/0.07925 british/0.112743 bypass/0.07925 called/0.086147 causing/0.058699 channon/0.301732 comments/0.07925 commuity/0.07925 community/0.119344 conference/0.043848 conflicts/0.07925 conform/0.070399 confrontation/0.07925 congress/0.145658 considered/0.061549 cooperation/0.108806 criticizes/0.070399 croo/0.130444 curb/0.054403 days/0.047521 de/0.097264 deadlines/0.07925 deficit/0.046499 disputes/0.07925 dlrs/0.028211 drew/0.07925 earlier/0.031832 ec/0.132151 echoed/0.070399 eec/0.07925 europe/0.048632 european/0.077341 everyone/0.070399 exports/0.034223 fats/0.061549 find/0.056371 force/0.058699 foreign/0.074333 gatt/0.151736 general/0.042344 global/0.058699 goods/0.092998 government/0.034604 grains/0.052698 greater/0.108806 happen/0.065222 herman/0.07925 hit/0.102388 imports/0.072508 imposed/0.065222 imposing/0.065222 increased/0.040375 increasing/0.051194 industry/0.038149 interpreted/0.07925 japan/0.071642 joined/0.058699 judged/0.07925 last/0.059407 law/0.105396 learn/0.07925 legislation/0.048632 let/0.056371 liberal/0.07925 lost/0.056371 made/0.066286 major/0.032803 manage/0.070399 market/0.025948 markets/0.036702 mean/0.052698 members/0.047521 minister/0.040998 must/0.043073 narrowly/0.07925 nation/0.102388 nations/0.044672 negotiating/0.061549 news/0.042344 occasion/0.07925 official/0.033853 officials/0.041653 oils/0.061549 open/0.112743 pact/0.047521 passed/0.108806 paul/0.070399 portugal/0.061549 potential/0.047521 practices/0.065222 pressure/0.105396 problems/0.046499 producers/0.043073 protectionism/0.065222 reagan/0.048632 record/0.02362 reduce/0.040998 reesentment/0.07925 regulations/0.061549 relations/0.065222 remarks/0.065222 rest/0.065222 retaliate/0.168596 retaliation/0.061549 reuter/0.000026 s/0.027046 said/0.026947 sales/0.024821 secretary/0.049849 senior/0.051194 sentiment/0.07925 shipments/0.102388 sides/0.117399 sight/0.07925 since/0.037166 spain/0.058699 standards/0.058699 states/0.134124 subsidies/0.070399 surplus/0.089343 system/0.041653 tactic/0.07925 talks/0.077341 tariffs/0.058699 taxes/0.099698 textile/0.130444 thatprotectionist/0.07925 therefore/0.065222 threaten/0.070399 tightened/0.07925 time/0.034223 trade/0.12123 trading/0.043073 tried/0.065222 trigger/0.065222 two/0.041938 unilaterally/0.07925 united/0.136763 us/0.07548 usprotectionism/0.07925 visit/0.061549 washington/0.049849 ways/0.054403 well/0.03867 year/0.033106 yesterday/0.040375 16.7/0.065222 169.8/0.07925 51.5/0.070399
433	money-fx	46	adjusted/0.09728 agency/0.099029 appropriations/0.139006 approve/0.127314 asked/0.107325 budget/0.109834 claytonyeutter/0.147302 committee/0.107325 continue/0.091187 continued/0.102879 currencies/0.329101 decline/0.232246 dollar/0.105016 economic/0.091187 economies/0.147302 expected/0.070519 factors/0.210033 hoped/0.132571 house/0.09728 improve/0.127314 judgment/0.158995 justify/0.158995 korea/0.231242 korean/0.132571 member/0.112582 much/0.088563 must/0.09728 picture/0.132571 positive/0.132571 reflect/0.119017 relation/0.178984 representative/0.112582 reuter/0.000058 s/0.061083 said/0.035277 seeks/0.147302 south/0.177126 stronger/0.147302 subcommittee/0.127314 taiwan/0.298875 testifying/0.158995 trade/0.122794 us/0.115739 way/0.105016 yeutter/0.254627 1988/0.115621
443	trade	74	added/0.05492 admission/0.265367 agency/0.073412 agreement/0.05278 agreements/0.091084 appropriations/0.103048 becoming/0.117866 budget/0.081422 business/0.05492 china/0.317759 claytonyeutter/0.109198 competition/0.08823 congressional/0.109198 depending/0.109198 develop/0.103048 discuss/0.085712 economy/0.073412 end/0.061448 export/0.054364 final/0.081422 fine/0.132684 full/0.064744 gatt/0.254043 general/0.070894 go/0.074791 group/0.047807 hearing/0.103048 house/0.072116 including/0.063032 industries/0.065653 international/0.051305 issues/0.07785 july/0.076266 lot/0.103048 major/0.05492 making/0.079562 market/0.043444 markets/0.061448 member/0.166918 membership/0.132684 moves/0.103048 multinational/0.132684 nations/0.074791 negotiates/0.132684 negotiations/0.091084 offer/0.062226 oversees/0.117866 part/0.065653 plans/0.129487 possible/0.091084 potential/0.205664 put/0.081422 representative/0.083459 reuter/0.000043 risks/0.109198 rules/0.081422 s/0.058526 said/0.03035 scale/0.117866 subcommittee/0.09438 summer/0.117866 tariffs/0.098277 terms/0.060698 think/0.079562 told/0.098106 touches/0.132684 trade/0.151196 trip/0.304678 us/0.11026 well/0.064744 will/0.028462 world/0.056076 year/0.018476 yeutter/0.283139
446	grain	63	active/0.125641 administration/0.189839 agenda/0.26628 agricultural/0.101758 agriculture/0.077875 among/0.099274 bills/0.111055 brought/0.101758 cabinet/0.13314 can/0.080048 congress/0.089507 consideration/0.13314 council/0.231373 cut/0.077875 department/0.066961 discuss/0.104504 discussion/0.13314 economic/0.082419 enhancement/0.13314 export/0.132568 farm/0.099274 friday/0.111055 grain/0.09492 however/0.073123 including/0.076853 issues/0.189839 legislation/0.099274 legislative/0.143708 level/0.086437 loan/0.09119 make/0.075869 matter/0.143708 matters/0.143708 meet/0.107574 moscow/0.13314 mull/0.161775 offer/0.075869 officials/0.282457 package/0.111055 policy/0.09119 prices/0.060334 proposals/0.099274 rate/0.06837 reagan/0.099274 reductions/0.13314 reuter/0.000053 said/0.037005 scabinet/0.161775 scheduled/0.101758 set/0.07144 soviet/0.097006 speculated/0.143708 speed/0.161775 status/0.119825 subsidy/0.13314 target/0.09119 today/0.059292 trade/0.055494 transmitted/0.161775 union/0.09119 us/0.080938 usda/0.223437 wheat/0.164839
459	trade	47	appropriations/0.147312 blame/0.156103 claytonyeutter/0.156103 companies/0.084733 competitive/0.126129 concerned/0.30088 convinced/0.168495 countries/0.083762 decline/0.095213 demand/0.098126 dollar/0.111291 economic/0.096635 expects/0.106918 export/0.155433 exports/0.163819 fall/0.085735 generated/0.156103 generating/0.189678 given/0.109026 goes/0.189678 goods/0.111291 growth/0.092554 house/0.103093 import/0.130209 imports/0.086771 improvement/0.245058 increase/0.081024 lack/0.147312 last/0.055005 m/0.269841 months/0.083762 part/0.187709 picture/0.140492 re/0.111291 representative/0.119309 reuter/0.000062 s/0.032366 said/0.028925 see/0.111291 side/0.379356 soon/0.126129 subcommittee/0.13492 told/0.070123 trade/0.065065 us/0.157623 yeutter/0.13492 18/0.093855
460	trade	28	aide/0.33849 bill/0.114537 changes/0.133727 committee/0.130672 completed/0.127861 drafting/0.387164 house/0.236884 laws/0.179346 legislation/0.133727 major/0.0902 means/0.149596 next/0.104901 opening/0.149596 postponed/0.358691 preparatory/0.217919 reuter/0.000071 said/0.033231 session/0.169245 start/0.281545 subcommittee/0.155009 trade/0.149505 tradesubcommittee/0.217919 us/0.054514 ways/0.149596 week/0.102199 work/0.149596 writing/0.217919 yet/0.127861
466	coffee	71	affect/0.110975 affecting/0.116361 american/0.066164 banking/0.081433 bearing/0.123306 billion/0.096651 called/0.081433 can/0.074136 cesar/0.133094 coffee/0.218311 coffeeprices/0.149826 colombia/0.31972 community/0.075209 conservative/0.149826 country/0.162866 credit/0.076332 current/0.056884 debt/0.246274 decline/0.150418 described/0.149826 dlrs/0.041266 drop/0.165793 external/0.221949 fall/0.067722 finance/0.078748 financial/0.069387 following/0.087909 foreign/0.181633 gaviria/0.266188 high/0.069387 hope/0.099629 immediate/0.110975 international/0.057934 largest/0.081433 latin/0.102852 loss/0.043448 maintain/0.110975 major/0.062015 markets/0.069387 mean/0.099629 minister/0.07751 party/0.133094 pay/0.052227 position/0.106573 price/0.115868 prices/0.055878 public/0.075209 rescheduled/0.246612 reuter/0.000049 reuters/0.067722 revenues/0.078748 s/0.076699 said/0.02953 sharp/0.089841 situation/0.087909 sound/0.123306 state/0.066164 told/0.05539 total/0.05309 totally/0.149826 toward/0.116361 trade/0.051395 unexpected/0.123306 union/0.084454 us/0.03748 week/0.070265 will/0.064279 world/0.06332 13.6/0.123306 1.5/0.089841 1987/0.050989
467	grain	62	administration/0.077304 advance/0.093718 also/0.036231 annual/0.065193 basic/0.18089 bean/0.131753 bushel/0.102325 cents/0.087611 congress/0.072897 cotton/0.292763 crops/0.082874 current/0.050022 cut/0.126846 disclosed/0.097588 dlrs/0.036288 eliminate/0.117039 farm/0.08085 five/0.044838 floors/0.263506 hundredweight/0.131753 includes/0.107966 increase/0.05628 intention/0.097588 law/0.087611 lb/0.102325 levels/0.158007 major/0.054534 minimum/0.090445 obtained/0.102325 officials/0.069248 outlined/0.131753 package/0.18089 pct/0.051345 per/0.110675 permissible/0.131753 policychanges/0.131753 previously/0.065193 price/0.152836 prices/0.049138 propose/0.097588 proposed/0.065193 provision/0.170221 reagan/0.08085 respectively/0.07161 reuter/0.000043 reuters/0.059552 rice/0.306974 s/0.022482 scrap/0.117039 scrapping/0.131753 sent/0.102325 soybeans/0.264506 support/0.17619 today/0.048288 upland/0.263506 usda/0.181972 10/0.05241 1987/0.044838 1990/0.108432 4.50/0.131753 50/0.061789 6.50/0.117039
470	coffee	211	abidjan/0.0698 according/0.038619 africa/0.041854 african/0.110721 agree/0.046414 agricultural/0.043905 agriculture/0.0672 already/0.040954 also/0.019194 announced/0.072219 april/0.020949 avoid/0.099299 based/0.032734 beans/0.0698 beeing/0.0698 behalf/0.049649 biggest/0.057444 billion/0.058196 boigny/0.0698 bra/0.180429 breaking/0.0698 bright/0.057444 cabinet/0.057444 cents/0.046414 cfa/0.180429 chosen/0.0698 coast/0.196839 cocoa/0.139599 coffee/0.170045 collapse/0.103399 commenting/0.062004 commodities/0.108418 communique/0.054209 compared/0.028314 compromise/0.057444 concertation/0.0698 conference/0.038619 consumer/0.040954 continent/0.062004 continues/0.057444 convinced/0.062004 country/0.098066 course/0.0517 crash/0.0698 current/0.026501 day/0.039345 decided/0.045089 delivery/0.047916 denis/0.0698 dependent/0.0698 despite/0.041854 difficult/0.043905 disclosed/0.0517 diversify/0.057444 dlrs/0.019224 domestic/0.034538 earmark/0.0698 earned/0.047916 economic/0.035561 economies/0.057444 elaborating/0.0698 embarked/0.0698 end/0.032325 ended/0.030478 estimate/0.040954 estimated/0.068118 eventually/0.049649 expected/0.027501 export/0.028599 exports/0.030142 failed/0.057444 failure/0.046414 faith/0.0698 fall/0.031549 farmers/0.040954 felix/0.0698 finance/0.036686 financially/0.0698 five/0.023754 fluctuation/0.0698 following/0.081908 forced/0.054209 formula/0.054209 fragile/0.0698 francs/0.12386 future/0.036109 going/0.099299 government/0.060955 gross/0.043905 grow/0.054209 growers/0.054209 guaranteed/0.054209 houphouet/0.0698 iaco/0.139599 ico/0.046414 immediately/0.047916 initiative/0.108418 inter/0.062004 international/0.02699 ivorian/0.180429 ivory/0.236073 journalists/0.054209 kanon/0.180429 kilo/0.062004 largest/0.037937 last/0.040483 leader/0.062004 least/0.038619 likely/0.037937 lived/0.057444 london/0.139036 long/0.072219 loss/0.020241 lowest/0.049649 market/0.068562 markets/0.032325 may/0.024331 meeting/0.062361 minister/0.093341 ministry/0.043905 mln/0.007795 moment/0.0698 monday/0.0517 month/0.029816 nation/0.045089 nations/0.078689 needed/0.046414 new/0.021549 news/0.037294 next/0.0336 obliged/0.0698 one/0.035354 organisation/0.103399 overall/0.0517 oversupplied/0.0698 pct/0.027201 per/0.022682 positions/0.0517 predicted/0.045089 president/0.031549 price/0.096757 producer/0.143747 product/0.037294 production/0.030142 questioned/0.0698 quotas/0.041854 reach/0.045089 read/0.062004 reaffirmed/0.062004 real/0.038619 recent/0.063099 recorded/0.047916 reduce/0.036109 regarded/0.0698 reporters/0.047916 restore/0.057444 return/0.040954 reuter/0.000023 revenues/0.036686 reverse/0.0698 robusta/0.0698 run/0.054209 s/0.047642 said/0.017679 says/0.042833 season/0.042833 sharp/0.041854 short/0.045089 showpiece/0.0698 since/0.032734 slide/0.124009 slump/0.0517 small/0.045089 soon/0.046414 speak/0.0698 spearhead/0.0698 state/0.061647 stay/0.0517 sterling/0.114889 strapped/0.0698 strive/0.0698 sum/0.062004 support/0.036109 talks/0.068118 television/0.047916 thepresent/0.0698 third/0.039345 tighten/0.062004 times/0.054209 today/0.051164 told/0.051609 tonight/0.057444 tonne/0.043905 traders/0.040121 veteran/0.0698 weekly/0.049649 west/0.034538 without/0.037937 world/0.088497 year/0.025124 1265/0.0698 1.76/0.0698 1982/0.062004 1986/0.013754 200/0.0517 24.71/0.0698 25/0.032325 50/0.032734 535/0.0698 65/0.045089 7.5/0.057444
474	grain	86	abnormally/0.110551 affecting/0.085858 affects/0.110551 agency/0.158111 agriculture/0.053217 aground/0.110551 also/0.030401 amount/0.059068 areas/0.127089 caused/0.06784 causing/0.081884 century/0.110551 china/0.208612 compared/0.044845 consumers/0.081884 crops/0.069537 destroyed/0.110551 difficult/0.139075 diseases/0.110551 drought/0.211666 dry/0.221941 eight/0.051846 february/0.041972 fires/0.221102 forest/0.196409 guangxi/0.221102 harbour/0.098205 hectares/0.078636 hubei/0.110551 hunan/0.110551 hydroelectric/0.110551 including/0.052518 increased/0.112644 industry/0.053217 insect/0.110551 last/0.032059 level/0.059068 levels/0.06629 lowered/0.078636 lowest/0.078636 made/0.046234 making/0.06629 manoeuvres/0.110551 many/0.13568 march/0.029251 mid/0.075891 months/0.04882 mostparts/0.110551 new/0.03413 news/0.059068 number/0.062315 pct/0.021541 pests/0.110551 plant/0.06784 planting/0.090983 power/0.078636 producing/0.062315 provinces/0.196409 reaches/0.098205 reduced/0.112644 reuter/0.000036 rice/0.085858 rivers/0.110551 run/0.085858 s/0.018864 said/0.032093 seriously/0.090983 seven/0.051846 shanxi/0.110551 ships/0.090983 shortages/0.098205 sichuan/0.110551 southern/0.069537 stored/0.110551 suffering/0.110551 supplies/0.073512 unusually/0.098205 upper/0.098205 warm/0.098205 water/0.221941 weather/0.221941 wheat/0.056322 yangtze/0.110551 1000/0.085858 13340/0.110551 20/0.042356
488	money-fx	257	action/0.041683 affairs/0.049083 aggravating/0.066267 agreement/0.052721 alignment/0.066267 alignments/0.066267 already/0.077763 also/0.036446 among/0.040665 appears/0.047137 around/0.062962 asked/0.039736 axis/0.132535 azusa/0.066267 back/0.037354 bank/0.024715 bare/0.066267 base/0.049083 basic/0.045491 beneath/0.066267 big/0.049083 billion/0.021374 britain/0.044065 budged/0.066267 business/0.027429 can/0.03279 cause/0.045491 central/0.033761 changing/0.117733 close/0.03809 closely/0.054538 community/0.033264 compared/0.053763 competitive/0.088131 concerted/0.058867 cooperation/0.045491 countries/0.029264 creating/0.132535 cross/0.049083 currencies/0.094274 currency/0.131441 cut/0.0319 de/0.08133 despite/0.039736 difficult/0.041683 director/0.039736 discomfort/0.066267 distortions/0.066267 division/0.040665 dlr/0.024935 dollar/0.155526 don/0.044065 drama/0.066267 drastic/0.058867 driving/0.058867 due/0.027429 ec/0.13871 economic/0.033761 ecu/0.054538 edge/0.066267 egg/0.066267 equation/0.066267 europe/0.135087 european/0.097006 event/0.054538 every/0.054538 excellent/0.058867 exchange/0.073973 expect/0.03809 expert/0.058867 explained/0.066267 exporting/0.047137 exports/0.095062 fact/0.058867 factor/0.066267 february/0.025159 fell/0.028307 figures/0.0319 financial/0.03069 firms/0.117592 first/0.027152 five/0.045104 flows/0.066267 foreign/0.031078 france/0.045491 friday/0.045491 frights/0.066267 fundamentally/0.058867 g/0.117733 gave/0.041683 germany/0.039736 golden/0.066267 goods/0.038882 grew/0.049083 group/0.023877 half/0.033761 hardly/0.066267 hayashi/0.066267 helped/0.051466 highly/0.051466 historic/0.066267 historical/0.066267 hora/0.132535 imbalance/0.109075 imbalances/0.066267 importance/0.066267 important/0.047137 imports/0.078363 improvement/0.042808 industrial/0.036017 instead/0.051466 interest/0.029264 international/0.051248 intervention/0.045491 involving/0.054538 january/0.023481 japan/0.119812 japanese/0.155526 keep/0.049083 last/0.038434 lay/0.058867 laying/0.066267 least/0.036665 look/0.047137 looking/0.047137 major/0.054858 makes/0.040665 many/0.040665 mark/0.044065 market/0.021698 massive/0.058867 maximises/0.066267 may/0.0462 meaning/0.066267 ministry/0.041683 moderation/0.066267 movements/0.126879 moving/0.049083 much/0.03279 nations/0.037354 necessarily/0.058867 new/0.073342 now/0.069487 objective/0.051466 obscuring/0.066267 officials/0.104489 one/0.016783 pact/0.079472 partly/0.045491 past/0.042808 pct/0.04629 peak/0.049083 peaked/0.058867 peaks/0.066267 performance/0.040665 periodic/0.066267 picture/0.098167 place/0.045491 plaza/0.220135 price/0.025624 prime/0.054538 problem/0.041683 problems/0.038882 profits/0.040665 rare/0.066267 rate/0.056013 rates/0.067522 real/0.036665 recent/0.029953 reflecting/0.049083 relationship/0.058867 remarkable/0.066267 research/0.041683 reuter/0.000022 reuters/0.029953 rhetoric/0.066267 rise/0.029264 rose/0.026881 s/0.037564 said/0.019237 sales/0.04151 see/0.038882 seen/0.037354 senior/0.042808 september/0.069659 set/0.029264 sharp/0.039736 show/0.037354 significance/0.066267 simply/0.054538 since/0.031078 small/0.042808 sold/0.032335 start/0.042808 statements/0.049083 sterling/0.054538 story/0.058867 suddenly/0.066267 surplus/0.037354 t/0.03809 tell/0.054538 tensions/0.066267 terms/0.100704 therefore/0.054538 theyen/0.066267 think/0.039736 third/0.037354 three/0.021863 throwing/0.066267 thus/0.058867 tokyo/0.049083 told/0.024499 tomas/0.066267 took/0.049083 total/0.023481 totalled/0.051466 trade/0.098245 tremendous/0.058867 trend/0.051466 troughs/0.066267 two/0.017534 u/0.117592 underlying/0.058867 undoubtedly/0.058867 unit/0.028935 us/0.059429 value/0.036017 view/0.047137 visible/0.047137 want/0.042808 watched/0.066267 way/0.077763 ways/0.045491 well/0.032335 west/0.03279 will/0.014215 world/0.028006 worried/0.058867 year/0.023853 years/0.059906 yen/0.195949 yet/0.038882 york/0.03809 12/0.025864 13/0.026881 16/0.02636 173.4/0.066267 1985/0.041813 1986/0.026115 20/0.025389 21/0.034282 23/0.036017 242/0.058867 25/0.03069 263.15/0.066267 5/0.085615 50/0.031078
490	money-fx	52	addition/0.117785 affecting/0.141609 among/0.11189 around/0.086619 assistance/0.121245 balances/0.161972 bank/0.136004 bankers/0.135053 bill/0.095834 billion/0.058811 bills/0.250337 circulation/0.161972 discount/0.121245 drain/0.323943 early/0.162904 england/0.117785 exchequer/0.161972 factors/0.106982 forecast/0.095834 hands/0.141609 houses/0.161972 invitedan/0.182335 liquidity/0.141609 main/0.121245 market/0.059701 maturing/0.182335 mln/0.061089 money/0.099101 note/0.050141 offered/0.11189 offers/0.121245 official/0.077887 respectively/0.099101 reuter/0.000059 rise/0.080519 round/0.141609 said/0.013903 shortage/0.125168 stg/0.328002 system/0.095834 take/0.099101 target/0.102778 today/0.066827 transactions/0.125168 treasury/0.11189 uk/0.091527 will/0.078226 1.15/0.135053 135/0.182335 245/0.182335 30/0.070504 732/0.182335
491	trade	44	also/0.044909 belgo/0.16331 belgolux/0.16331 billion/0.210698 bleu/0.326621 december/0.139521 deficit/0.09582 economic/0.083201 exports/0.070523 fell/0.06976 figures/0.078614 franc/0.40321 francs/0.289797 given/0.09387 imports/0.074709 institute/0.09387 last/0.047359 lower/0.073816 luxembourg/0.145072 moved/0.16331 moves/0.126834 narrow/0.134403 national/0.080808 november/0.108595 reuter/0.000053 said/0.012452 show/0.092055 spokesman/0.070523 statistics/0.085835 surplus/0.3058 trade/0.14481 union/0.092055 year/0.02274 10.9/0.134403 11.9/0.134403 140.4/0.145072 1985/0.133182 1986/0.064359 2.3/0.126834 3061.8/0.16331 3066.6/0.16331 3163.7/0.16331 3304.1/0.16331 4.7/0.134403
499	money-fx	75	againstthe/0.128396 allocation/0.128396 auction/0.211339 bank/0.143657 banks/0.19927 based/0.060215 bidding/0.199436 bids/0.085379 central/0.196242 coming/0.095102 commercial/0.071039 complained/0.114057 currency/0.142079 disqualification/0.128396 disqualified/0.128396 dlrs/0.035363 documentation/0.105669 dollar/0.15067 due/0.053145 effective/0.088141 exchange/0.055446 failing/0.105669 failure/0.085379 finished/0.114057 firmed/0.128396 firms/0.088141 foreign/0.060215 hard/0.085379 inadequate/0.114057 including/0.060996 last/0.074468 latest/0.085379 levy/0.128396 many/0.078791 mln/0.028679 naira/0.256793 nigerian/0.228114 obtaining/0.114057 offer/0.060215 paperwork/0.128396 past/0.082942 pct/0.025018 previous/0.058737 produce/0.09133 proof/0.128396 punishment/0.128396 rate/0.054264 required/0.075335 reuter/0.000042 right/0.09133 s/0.043819 said/0.00979 sell/0.061807 sold/0.062652 specified/0.128396 submit/0.128396 successfully/0.099718 time/0.055446 today/0.047058 transactions/0.227841 unprecedented/0.128396 valid/0.128396 week/0.155653 weekly/0.09133 whole/0.088141 within/0.076991 17/0.116071 2.6/0.105669 27/0.062652 3.8050/0.128396 3.8241/0.128396 38.39/0.128396 3.9050/0.128396 3.9246/0.128396 50/0.060215
500	trade	90	agreement/0.050449 agricultural/0.079773 airport/0.126824 allen/0.11266 areas/0.145796 billion/0.040906 car/0.098497 central/0.064613 computer/0.077826 concern/0.090212 conference/0.070169 cut/0.06105 days/0.076048 demand/0.06561 despite/0.076048 dlrs/0.017465 domestic/0.125508 done/0.104375 dumping/0.11266 economic/0.064613 economicaffairs/0.126824 economy/0.070169 efforts/0.087062 encourage/0.093937 forecasting/0.11266 foreign/0.059478 governing/0.126824 greater/0.087062 growth/0.123769 help/0.066658 hit/0.081926 imports/0.058017 increased/0.064613 issues/0.074412 japan/0.190428 japanese/0.148825 jeopardy/0.126824 kansai/0.126824 large/0.072898 led/0.081926 made/0.053039 market/0.041525 markets/0.058734 message/0.11266 microchips/0.225321 much/0.125508 named/0.093937 need/0.196581 needs/0.093937 pact/0.076048 particular/0.098497 penetration/0.126824 press/0.093937 producers/0.068931 products/0.064613 progress/0.104375 record/0.0378 reduce/0.13122 resolution/0.11266 restructure/0.126824 reuter/0.000041 said/0.01934 semiconductors/0.11266 several/0.067763 sluggish/0.126824 state/0.056006 states/0.129226 still/0.066658 stimulate/0.126824 supercomputers/0.126824 surplus/0.184794 talks/0.061884 telephones/0.126824 tells/0.126824 three/0.041842 tokyo/0.093937 told/0.046886 trade/0.144518 undersecretary/0.126824 united/0.1221 urged/0.187874 us/0.095178 visible/0.090212 wallis/0.253648 warned/0.093937 washington/0.079773 week/0.059478 year/0.01766 1986/0.02499 83/0.104375
501	grain	49	also/0.046045 awarded/0.14874 buys/0.096244 c/0.111341 cargo/0.14874 co/0.121688 committee/0.200805 companies/0.074798 continental/0.130041 contract/0.100402 contracts/0.105321 dlrs/0.046117 f/0.105321 first/0.068605 grain/0.098243 joint/0.119102 maize/0.275603 maizeimporters/0.16744 march/0.044304 minneapolis/0.14874 new/0.051693 peavey/0.16744 per/0.108824 priced/0.124021 received/0.094383 reuter/0.000054 reuters/0.075683 s/0.028572 said/0.012767 second/0.096244 set/0.073942 shipment/0.111341 shipments/0.216327 spokesman/0.144613 supply/0.085305 taiwan/0.279598 told/0.061902 tonne/0.272251 tonnes/0.175576 totalling/0.137802 two/0.088607 us/0.108274 won/0.124021 york/0.096244 16/0.066606 30000/0.29748 60000/0.29748 93.36/0.16744 93.86/0.16744
503	coffee	116	abnn/0.091108 added/0.037711 adviser/0.070758 agreed/0.043281 algemene/0.091108 allowing/0.067482 balance/0.048679 bangkok/0.091108 bank/0.129369 bankers/0.067482 banking/0.148555 banks/0.188531 banque/0.182216 bnpp/0.091108 buy/0.040233 buying/0.058854 chartered/0.161866 chase/0.080933 chinese/0.149962 citibank/0.091108 co/0.033107 coffee/0.102711 commodity/0.064806 company/0.073888 consider/0.060583 contracts/0.057308 control/0.053456 controlling/0.080933 corp/0.044217 creditor/0.268804 de/0.055909 december/0.038918 dlrs/0.025093 earlier/0.073191 expressed/0.070758 financial/0.042194 find/0.129612 firm/0.099037 fufill/0.091108 held/0.045081 help/0.047886 hock/0.273323 holdings/0.067482 however/0.041181 inject/0.080933 interest/0.040233 international/0.035229 investor/0.067482 l/0.080933 largest/0.049518 last/0.026421 least/0.050408 let/0.064806 likely/0.049518 loan/0.051356 losses/0.050408 ltd/0.134129 major/0.037711 make/0.042727 manhattan/0.080933 may/0.031759 merchant/0.080933 mln/0.02035 na/0.161866 nationale/0.091108 nederland/0.091108 negotiations/0.062543 new/0.028127 nine/0.071118 now/0.036958 nv/0.067482 ocbm/0.091108 offer/0.042727 official/0.038918 one/0.023074 oversea/0.182216 overseas/0.161866 owes/0.091108 pa/0.080933 paribas/0.091108 paris/0.067482 postpone/0.074981 prepared/0.064806 profitable/0.074981 proposal/0.050408 pte/0.091108 repayments/0.080933 reuter/0.00003 s/0.015547 said/0.02084 seven/0.042727 si/0.182216 simbl/0.091108 since/0.042727 singapore/0.182907 six/0.034282 sources/0.092833 stake/0.099037 standard/0.134965 stch/0.091108 take/0.049518 taking/0.060583 teck/0.273323 thesingapore/0.091108 thinking/0.080933 trader/0.074981 try/0.062543 two/0.024107 united/0.043857 uobm/0.091108 week/0.042727 will/0.019544 willing/0.064806 work/0.062543 yet/0.053456 100/0.048679
505	trade	348	access/0.037188 according/0.028926 account/0.028926 accusing/0.046442 achieving/0.05228 acknowledging/0.05228 acted/0.05228 adding/0.030675 affairs/0.038724 agency/0.028926 ago/0.048424 agricultural/0.032885 aimed/0.037188 also/0.028754 americans/0.05228 amongst/0.046442 annually/0.038724 another/0.026635 anything/0.046442 argument/0.046442 around/0.049672 assessment/0.05228 assistance/0.034764 averaged/0.038724 bad/0.038724 baka/0.05228 bank/0.050402 banking/0.05683 based/0.063379 benefited/0.046442 billion/0.060452 blamed/0.040603 blurred/0.05228 booming/0.05228 breakdown/0.038724 calculate/0.05228 calculations/0.046442 can/0.051738 cases/0.046442 central/0.026635 certain/0.028926 chemicals/0.040603 citing/0.05228 clear/0.077447 club/0.043026 commercial/0.028926 commission/0.025869 compensation/0.043026 competitive/0.034764 contributed/0.035889 convert/0.05228 cooperate/0.05228 cooperative/0.092884 cost/0.052487 countries/0.023087 creditor/0.043026 credits/0.115485 crushing/0.046442 curbing/0.043026 currencies/0.037188 currency/0.028926 cut/0.025167 damage/0.035889 debt/0.051738 deputy/0.033772 describing/0.05228 deteriorate/0.05228 devised/0.046442 different/0.038724 difficult/0.06577 diplomat/0.05228 dismiss/0.046442 dismissing/0.05228 dlr/0.039344 dlrs/0.02581 doesn/0.043026 dried/0.05228 dwindling/0.05228 easy/0.046442 economic/0.10141 economist/0.043026 economists/0.037188 economy/0.09609 effect/0.060101 efforts/0.035889 entry/0.05228 envoy/0.104561 equipment/0.032885 estimate/0.030675 estimated/0.02551 europe/0.032082 evaluation/0.046442 example/0.038724 exchanges/0.038724 excuse/0.05228 expert/0.092884 experts/0.05228 exports/0.045153 extent/0.046442 extrapolated/0.05228 fact/0.046442 fallen/0.046442 favoured/0.046442 figure/0.071779 figures/0.025167 financial/0.048424 flowed/0.046442 foodstuffs/0.05228 forces/0.043026 foreign/0.063379 free/0.038724 freely/0.05228 fund/0.043026 giving/0.037188 global/0.038724 go/0.029469 government/0.022828 governments/0.046442 growth/0.02551 half/0.026635 hamper/0.05228 hard/0.034764 head/0.040603 high/0.024212 hope/0.034764 hypothetical/0.104561 ice/0.043026 illegally/0.05228 illusion/0.05228 illusory/0.05228 imf/0.104561 immorally/0.05228 impact/0.030051 important/0.037188 imports/0.023916 imposed/0.111222 impossible/0.077447 included/0.034764 including/0.024836 increase/0.022332 increases/0.027934 industry/0.025167 influence/0.05228 information/0.037188 institute/0.030051 interested/0.037188 internal/0.05228 international/0.040431 itseconomy/0.05228 janusz/0.05228 japan/0.023631 just/0.032885 kaczurba/0.104561 lacks/0.05228 largely/0.040603 last/0.030322 late/0.029469 law/0.034764 lead/0.064164 lenders/0.040603 letting/0.05228 level/0.027934 lifting/0.104561 limit/0.035889 links/0.05228 little/0.035889 long/0.027046 longer/0.040603 looking/0.037188 losses/0.057852 lost/0.074375 low/0.027478 made/0.043729 major/0.02164 making/0.031349 market/0.017118 markets/0.024212 martial/0.05228 mean/0.034764 means/0.035889 measures/0.081206 meet/0.034764 meetings/0.05228 mfn/0.135143 minister/0.027046 ministry/0.032885 misunderstanding/0.05228 mln/0.017516 modernise/0.05228 monetary/0.035889 moral/0.05228 much/0.025869 nation/0.033772 national/0.051738 nations/0.029469 nebulous/0.05228 nevertheless/0.05228 new/0.01614 news/0.027934 now/0.042415 number/0.029469 obligations/0.038724 obstructing/0.05228 official/0.066997 officials/0.054957 offshoot/0.05228 one/0.052961 opportunity/0.040603 orders/0.037188 organisations/0.046442 originally/0.038724 pap/0.104561 paris/0.038724 part/0.051738 particular/0.040603 partners/0.06577 performance/0.032082 period/0.02551 phenomenon/0.05228 planning/0.040603 play/0.111222 point/0.033772 poland/0.195194 poles/0.05228 policy/0.029469 polish/0.185957 political/0.074375 poor/0.038724 position/0.037188 positive/0.038724 possible/0.071779 precise/0.05228 prepared/0.037188 problems/0.030675 products/0.026635 projection/0.046442 protectionist/0.043026 provide/0.028926 provided/0.033772 putting/0.046442 quality/0.037188 quoted/0.038724 ran/0.043026 real/0.028926 reality/0.05228 really/0.038724 reasons/0.077447 recent/0.047262 recently/0.067545 recognised/0.046442 regain/0.104561 relations/0.043026 remaining/0.030675 repairing/0.046442 repaying/0.046442 reply/0.046442 research/0.032885 restrictions/0.040603 retaliation/0.040603 reuter/0.000017 right/0.037188 role/0.05228 s/0.031982 said/0.018277 sanctions/0.218006 say/0.085246 saying/0.074375 says/0.082931 scientific/0.104561 seek/0.038724 senior/0.033772 setbacks/0.05228 settlement/0.034764 several/0.027934 sharply/0.027934 short/0.033772 show/0.029469 since/0.024518 slumping/0.05228 solidarity/0.104561 someone/0.05228 sophisticated/0.05228 source/0.038724 spotlight/0.05228 stabilising/0.046442 stand/0.040603 states/0.079906 status/0.077447 still/0.027478 stressed/0.043026 suffered/0.046442 superpower/0.05228 suppression/0.05228 surplus/0.029469 t/0.060101 take/0.05683 takes/0.035889 talks/0.051021 targeted/0.043026 terms/0.023916 textiles/0.046442 theoretical/0.05228 three/0.017249 time/0.058359 today/0.019161 told/0.019328 torpedoing/0.05228 trade/0.06828 trading/0.028415 treated/0.046442 trends/0.05228 two/0.027666 unable/0.046442 uncommonly/0.05228 unilateral/0.05228 union/0.029469 united/0.0755 unlikely/0.038724 us/0.054536 useful/0.046442 wants/0.043026 wars/0.05228 washington/0.085006 week/0.024518 weeks/0.034764 well/0.02551 west/0.051738 western/0.138656 will/0.040204 withdrew/0.040603 without/0.028415 wladyslaw/0.05228 won/0.038724 world/0.04419 worse/0.05228 year/0.00728 years/0.061085 yes/0.05228 100/0.027934 15/0.053758 1.6/0.038724 1970s/0.104561 1979/0.05228 1982/0.046442 200/0.038724 33.5/0.043026 400/0.05228 800/0.046442
509	money-fx	153	absorb/0.082974 acceleration/0.073707 accord/0.064441 aggregate/0.082974 ahead/0.061458 also/0.045635 although/0.0536 around/0.039417 authorities/0.064441 back/0.046771 balladur/0.082974 bank/0.102798 banking/0.045098 begun/0.064441 bid/0.055174 broadly/0.073707 buys/0.047693 call/0.184373 canada/0.042273 category/0.073707 close/0.047693 come/0.110349 compared/0.033658 considerable/0.068287 countries/0.036642 cut/0.14319 day/0.140312 days/0.049754 dealers/0.1608 decline/0.041651 discouraging/0.082974 dropped/0.113919 earlier/0.033328 early/0.037066 edged/0.073707 edouard/0.082974 eight/0.077826 encouraged/0.082974 exchanges/0.061458 excluded/0.073707 fall/0.096947 february/0.081433 finance/0.112732 finished/0.073707 first/0.033997 five/0.056476 floor/0.068287 follows/0.061458 foreign/0.077826 franc/0.068287 france/0.204198 french/0.0536 funds/0.052191 giving/0.05902 government/0.07246 group/0.029896 growth/0.040487 half/0.042273 happy/0.068287 hasty/0.082974 high/0.038427 hold/0.048684 indicator/0.073707 industrial/0.045098 interest/0.073283 intervened/0.082974 intervention/0.189216 itsmoney/0.082974 january/0.058802 just/0.052191 key/0.064441 likely/0.116575 liquidity/0.064441 m/0.05902 making/0.049754 march/0.021954 market/0.070228 meeting/0.037066 minister/0.042925 ministers/0.05902 ministry/0.052191 monday/0.061458 money/0.18039 morning/0.05696 next/0.079883 nine/0.032384 now/0.033658 paper/0.05696 paris/0.061458 past/0.0536 pct/0.069875 peaked/0.073707 percentage/0.064441 point/0.138554 pointed/0.082974 quarter/0.031221 raised/0.095386 rate/0.168579 rates/0.109273 recent/0.037504 remained/0.05696 repurchase/0.158866 restored/0.082974 returning/0.073707 reuter/0.000027 ripe/0.082974 rising/0.0536 s/0.036599 said/0.02268 say/0.045098 scope/0.082974 see/0.048684 set/0.073283 seven/0.116739 several/0.044333 signals/0.082974 since/0.077826 slide/0.073707 small/0.0536 sources/0.084545 stabilised/0.082974 stability/0.073707 start/0.0536 steadily/0.073707 steady/0.068287 stop/0.068287 supply/0.084545 target/0.093542 three/0.027375 time/0.035831 tomorrow/0.05696 turbulence/0.082974 unchanged/0.091816 upper/0.073707 using/0.136574 week/0.038913 weeks/0.055174 well/0.040487 within/0.049754 1/0.033328 10/0.033006 1985/0.026177 1986/0.01635 2/0.038913 22/0.045098 23/0.045098 27/0.040487 3/0.17453 4/0.156574 4.6/0.068287 5/0.0536 7/0.190531 8/0.138554
510	grain	68	association/0.064229 barley/0.084398 carcases/0.113945 cash/0.103007 combined/0.073607 contracts/0.143345 crop/0.060882 declined/0.126088 february/0.129784 feed/0.088495 fell/0.048673 figures/0.109701 futures/0.290564 gafta/0.113945 grain/0.17282 higher/0.054851 january/0.121127 main/0.075769 mln/0.04845 month/0.097347 nine/0.088944 official/0.048673 pig/0.227891 pigmeat/0.227891 potato/0.227891 potatofutures/0.113945 previous/0.104252 registered/0.088495 representing/0.10122 reuter/0.000037 rose/0.046222 saw/0.093776 settlement/0.151539 show/0.128458 six/0.042875 soymeal/0.10122 stg/0.273302 tonnes/0.119482 total/0.040376 totalled/0.088495 trade/0.101038 traded/0.202198 uk/0.114395 value/0.160089 valued/0.156442 versus/0.069923 volume/0.073607 volumes/0.093776 wheat/0.058052 10/0.045326 1.19/0.088495 119610/0.113945 129/0.113945 150/0.078221 157/0.113945 164/0.113945 19/0.065495 201/0.113945 29347/0.113945 450/0.10122 659864/0.113945 76340/0.113945 892700/0.113945 90680/0.113945 97/0.113945 9847/0.113945 984960/0.113945 992760/0.113945
513	money-fx	54	april/0.050054 assistance/0.221798 bank/0.160783 bill/0.087656 billion/0.053792 bills/0.228975 bought/0.195706 bulk/0.14815 date/0.102342 dealers/0.107734 dealing/0.166775 discount/0.110899 earlier/0.066989 eased/0.137255 england/0.107734 established/0.123529 far/0.107734 given/0.191724 houses/0.14815 leaves/0.129525 levels/0.100004 market/0.163819 may/0.058136 mln/0.048146 money/0.18129 morning/0.295945 noted/0.086278 offers/0.110899 pct/0.032497 provided/0.107734 rate/0.140967 rates/0.169933 refused/0.14815 resale/0.2963 reuter/0.000054 said/0.012716 shortage/0.114487 small/0.107734 stg/0.300012 still/0.087656 system/0.087656 themoney/0.14815 thus/0.14815 today/0.061124 total/0.059095 uk/0.083717 10/0.066341 1.15/0.123529 15/0.066341 16/0.066341 17/0.075383 2/0.078214 20/0.063897 37/0.114487
515	money-fx	34	bank/0.07659 bids/0.136557 certificates/0.13266 conducted/0.205361 due/0.085002 february/0.077969 finance/0.107937 francs/0.140976 invitingtenders/0.205361 issue/0.113623 last/0.059553 march/0.108675 market/0.134481 ministry/0.129174 mln/0.022935 money/0.223234 month/0.175446 national/0.101615 new/0.1268 offers/0.136557 paper/0.281951 payment/0.115758 pct/0.040015 raise/0.140976 reuter/0.000067 said/0.015658 series/0.265321 swiss/0.54728 three/0.135507 yielded/0.205361 10/0.08169 12/0.160302 150/0.140976 2.969/0.205361
516	money-fx	20	bank/0.233088 banks/0.16166 central/0.318408 commercial/0.172895 dollar/0.183349 dollarrate/0.31249 dollars/0.277591 egypt/0.257177 egyptian/0.31249 march/0.082683 previous/0.142953 rate/0.264133 reuter/0.000102 s/0.053323 set/0.137996 today/0.11453 unchanged/0.34579 1.373/0.31249 6/0.201864 87/0.16166
